lon,lat,url,datetime,avr_prediction_conf
-66.0793334,18.31107214,http://pbs.twimg.com/media/D7QPA-gX4AATTuB.jpg,2019-05-23 15:02:31.691217,0.9957897663
-66.0793334,18.31107214,http://pbs.twimg.com/media/D7QPA-gX4AATTuB.jpg,2019-05-23 15:04:23.373412,0.9957897663
50.20268833,53.2215,http://pbs.twimg.com/media/D7ys5ePXYAI2Fol.jpg,2019-05-30 07:40:13.266868,0.98729527
139.77231819,35.70624816,http://pbs.twimg.com/media/D7GeWZQUwAMMR_A.jpg,2019-05-21 17:33:18.100151,0.9867306948
136.8252,35.103535,http://pbs.twimg.com/media/D8IRYiZXYAIn6je.jpg,2019-06-03 12:11:34.972450,0.9839724898
27.586759,53.906437,http://pbs.twimg.com/media/D74wAX-XsAAciSb.jpg,2019-05-31 11:51:27.850873,0.9831215143
137.04202333,35.10706,http://pbs.twimg.com/media/D66SzoiUwAAie8J.jpg,2019-05-19 08:47:27.716996,0.9825514555
130.50320365,33.63252439,http://pbs.twimg.com/media/D8A_DzGW4AAOeNc.jpg,2019-06-02 02:14:11.177494,0.9814395905
139.4194273,35.77059347,http://pbs.twimg.com/media/D8i156YXkAEiLS1.jpg,2019-06-08 16:01:16.990964,0.9808808565
139.77226055,35.68097626,http://pbs.twimg.com/media/D8HDpGAWwAEIdBv.jpg,2019-06-03 06:31:55.483178,0.9785959125
27.446086,53.923644,http://pbs.twimg.com/media/D7PBu07XoAAtazY.jpg,2019-05-23 09:24:51.222391,0.9783290029
-96.9636299,32.8237096,http://pbs.twimg.com/media/D7ICE5AW0AID3U5.jpg,2019-05-22 00:49:02.368046,0.9769409299
39.8844708,57.6260744,http://pbs.twimg.com/media/D7MJkI8XoAAV5JB.jpg,2019-05-22 20:00:12.532958,0.9763739705
139.72008338,35.72528264,http://pbs.twimg.com/media/D6aCGtPX4AA_uoR.jpg,2019-05-13 02:26:36.563296,0.9759177566
123.056596,0.5535382,http://pbs.twimg.com/media/D6xfhV5VUAEUjTS.jpg,2019-05-17 15:46:30.997477,0.9751926064
-83.348685,42.238797,http://pbs.twimg.com/media/D7JHyO1XoAAdNH3.jpg,2019-05-22 05:53:34.217488,0.9728167057
115.16667107,-8.74410044,http://pbs.twimg.com/media/D8lFpOPXoAAo1rI.jpg,2019-06-09 02:29:16.927421,0.9723182917
-71.0172077,42.382451,http://pbs.twimg.com/media/D8lJgxFWwAUHiNn.jpg,2019-06-09 02:46:12.963847,0.97156775
-6.25972355,53.35325943,http://pbs.twimg.com/media/D6_yttYXkAAMxLz.jpg,2019-05-20 10:24:58.654421,0.9711810946
139.77147515,35.69929631,http://pbs.twimg.com/media/D782DcKXkAEjAN6.jpg,2019-06-01 06:56:21.427725,0.9704605937
55.27766705,25.19812155,http://pbs.twimg.com/media/D7Z2K-SUIAEaY4q.jpg,2019-05-25 11:50:10.785713,0.9691861868
144.5505157,43.8062519,http://pbs.twimg.com/media/D78d0JhVUAA7r5k.jpg,2019-06-01 05:10:41.830072,0.9691437483
135.68030522,34.88931622,http://pbs.twimg.com/media/D7LAN5GX4AEmgGE.jpg,2019-05-22 14:39:44.638197,0.9690103531
139.70159039,35.69389157,http://pbs.twimg.com/media/D7KZ8mXXkAAvBD-.jpg,2019-05-22 11:52:32.665246,0.969009161
114.1592107,22.28520104,http://pbs.twimg.com/media/D7JXRxDXkAEGK0l.jpg,2019-05-22 07:01:15.503431,0.9689293504
-90.16704544,29.95951489,http://pbs.twimg.com/media/D7LFncxXoAMlq-9.jpg,2019-05-22 15:03:24.666659,0.9682213068
138.98944221,36.34331473,http://pbs.twimg.com/media/D7U4DPXXsAA_9nC.jpg,2019-05-24 12:40:16.347703,0.9677811265
139.48319963,35.91315035,http://pbs.twimg.com/media/D7-BCEnXoAEHX6B.jpg,2019-06-01 12:23:56.782510,0.9676995277
139.40388489,35.64222717,http://pbs.twimg.com/media/D6-z0mMWkAAq4u8.jpg,2019-05-20 05:50:08.771003,0.9676728249
139.72921928,35.73100943,http://pbs.twimg.com/media/D8wPprXW4AAkPsy.jpg,2019-06-11 06:28:49.704778,0.9670743942
-67.6056385,10.2607615,http://pbs.twimg.com/media/D6u1GpGVUAEeSOA.jpg,2019-05-17 04:09:54.513649,0.9669908881
-2.2355327,51.8657074,http://pbs.twimg.com/media/D7BbWUkW0AAHHHU.jpg,2019-05-20 18:02:05.290825,0.9664545059
125.1349861,8.150625,http://pbs.twimg.com/media/D7KhT_qVsAADbiS.jpg,2019-05-22 12:24:47.862642,0.9663950801
-73.4487744,40.7474911,http://pbs.twimg.com/media/D673yzSXoAErfiz.jpg,2019-05-19 16:08:40.335229,0.9661702514
-87.79829,41.95102,http://pbs.twimg.com/media/D8gg4s2XsAI3vha.jpg,2019-06-08 05:10:12.229829,0.9659339786
137.62052917,34.84742737,http://pbs.twimg.com/media/D8g-sTcXoAA0Kxw.jpg,2019-06-08 07:20:25.706497,0.9652967453
17.128178,48.856849,http://pbs.twimg.com/media/D6hZvCEXkAA2ajQ.jpg,2019-05-14 12:47:11.262132,0.964768827
107.38950075,-6.38511962,http://pbs.twimg.com/media/D8hVhUiV4AEfzgX.jpg,2019-06-08 09:00:11.281249,0.9630191922
136.88272999,35.17115304,http://pbs.twimg.com/media/D7i7oQFXkAInSkZ.jpg,2019-05-27 06:10:35.230895,0.9628335238
-72.1046518,-36.6063046,http://pbs.twimg.com/media/D8d9s4gW4AAaX6b.jpg,2019-06-07 17:17:18.600123,0.9626643658
139.773835,35.708662,http://pbs.twimg.com/media/D8B_eIuXUAAZlH7.jpg,2019-06-02 06:55:36.162305,0.9624356627
140.01428804,35.83395691,http://pbs.twimg.com/media/D78nP2-XYAIeVSg.jpg,2019-06-01 05:51:40.034495,0.9621936083
139.77813925,35.71161668,http://pbs.twimg.com/media/D661-SoXoAA53TH.jpg,2019-05-19 11:21:04.116342,0.9617953897
103.08043111,5.39060772,http://pbs.twimg.com/media/D796JhyW4AA9Fqs.jpg,2019-06-01 11:53:52.383900,0.9607185125
136.862282,35.4588163,http://pbs.twimg.com/media/D68Hvv3UcAU57OP.jpg,2019-05-19 17:18:25.575757,0.9604683518
23.76031369,61.49802197,http://pbs.twimg.com/media/D622j3kXkAAM8Vg.jpg,2019-05-18 16:45:10.042772,0.959931016
13.45464706,52.49963435,http://pbs.twimg.com/media/D6wP_Y8WsAAeF1C.jpg,2019-05-17 09:58:54.686604,0.9594337344
139.754849,35.893533,http://pbs.twimg.com/media/D6_UiyPXoAAJw_1.jpg,2019-05-20 08:13:06.531305,0.9592611194
140.550384,39.20432459,http://pbs.twimg.com/media/D7YkDibXoAAdWLJ.jpg,2019-05-25 05:51:23.511790,0.9590725899
46.57061935,24.74820106,http://pbs.twimg.com/media/D84z8iCWkAABYsp.jpg,2019-06-12 22:24:22.556097,0.9589682817
139.261701,35.553984,http://pbs.twimg.com/media/D8CYLdMXUAEO7Xt.jpg,2019-06-02 08:43:33.167344,0.958946228
147.154581,-9.4794997,http://pbs.twimg.com/media/D8qYcW1UcAAHWn3.jpg,2019-06-10 03:09:38.904318,0.9586786032
135.47639263,34.74481705,http://pbs.twimg.com/media/D7ukOqaWsAAySQ0.jpg,2019-05-29 12:23:47.883065,0.9585751891
138.38202354,34.97345712,http://pbs.twimg.com/media/D6aeG-lW4AAiaHb.jpg,2019-05-13 04:28:57.316729,0.9578408599
139.29659843,35.70796202,http://pbs.twimg.com/media/D8SLAHMXYAIG5iP.jpg,2019-06-05 10:19:54.452031,0.9577394724
-47.890926,-22.008708,http://pbs.twimg.com/media/D7lsCwaX4AA06jB.jpg,2019-05-27 19:01:21.589486,0.9577338099
3.4055517,6.4481591,http://pbs.twimg.com/media/D67sZ6DWkAEw2ra.jpg,2019-05-19 15:23:52.114152,0.9570382833
-1.2328819,51.7248487,http://pbs.twimg.com/media/D6yBIK9X4AAI-yG.jpg,2019-05-17 18:13:12.995261,0.9566574097
9.944528,11.6628613,http://pbs.twimg.com/media/D8UqVOIU0AACqMi.jpg,2019-06-05 21:56:05.378967,0.9565014243
138.46657862,36.27683588,http://pbs.twimg.com/media/D6vWOeHWkAArN3H.jpg,2019-05-17 05:46:32.350582,0.9564068913
55.27766705,25.19812155,http://pbs.twimg.com/media/D7HbF0NU8AAV9Az.jpg,2019-05-21 21:58:40.589581,0.9563705325
27.50369256,40.992023,http://pbs.twimg.com/media/D7FD-SzXsAAI_wu.jpg,2019-05-21 10:58:26.424872,0.9560325146
-0.0395646,51.4952562,http://pbs.twimg.com/media/D6c8TulWwAIGbWk.jpg,2019-05-13 16:00:07.905143,0.9560109377
140.20578875,35.93243254,http://pbs.twimg.com/media/D7EZFirWwAE85tw.jpg,2019-05-21 07:51:03.510228,0.9546916485
-100.355436,20.631001,http://pbs.twimg.com/media/D8fzAjpWsAAI1H2.jpg,2019-06-08 01:49:45.659663,0.9545883536
-73.85043,40.85577,http://pbs.twimg.com/media/D7qc4s5WkAE-Dvo.jpg,2019-05-28 17:13:14.086529,0.9545040131
139.67792169,35.50729638,http://pbs.twimg.com/media/D8f-l8IXUAAlnth.jpg,2019-06-08 02:40:22.260739,0.9544373155
-91.26337983,43.87529286,http://pbs.twimg.com/media/D8jfJ1bWkAAEOm0.jpg,2019-06-08 19:01:29.511671,0.9543226361
55.27522087,25.19658284,http://pbs.twimg.com/media/D7Lyq8kUYAEt70X.png,2019-05-22 18:20:11.165577,0.9542999864
77.12021,28.65095561,http://pbs.twimg.com/media/D7VCGFEXYAA7Djn.jpg,2019-05-24 13:24:09.266329,0.9542952776
-73.9957064,40.73687066,http://pbs.twimg.com/media/D7hORsYWkAg-wwd.jpg,2019-05-26 22:12:49.091853,0.9541429281
139.56788261,35.7315979,http://pbs.twimg.com/media/D66Vw_ZUYAEgZYu.jpg,2019-05-19 09:00:21.716817,0.954133153
135.50598768,34.65144684,http://pbs.twimg.com/media/D7Fu4LPXoAAuoab.jpg,2019-05-21 14:05:53.407217,0.953879714
139.81376432,35.70506491,http://pbs.twimg.com/media/D8Sd52iWwAAXxUE.jpg,2019-06-05 11:42:30.432417,0.9536412358
2.46166009,41.66867186,http://pbs.twimg.com/media/D8iArXbXkAUjq_g.jpg,2019-06-08 12:08:45.131363,0.9534237981
18.83591626,-34.08590282,http://pbs.twimg.com/media/D6w1LG3XoAE6BiQ.jpg,2019-05-17 12:41:22.519048,0.9530697465
133.75278663,34.8309958,http://pbs.twimg.com/media/D8Cb-BNUwAERbDX.jpg,2019-06-02 09:00:06.530913,0.9530284405
-73.86526,40.84898,http://pbs.twimg.com/media/D6tJ1kUXkAAJ4qq.jpg,2019-05-16 19:33:10.659349,0.9521509409
132.4616734,34.3883503,http://pbs.twimg.com/media/D8dPFipUEAAs40-.jpg,2019-06-07 13:53:37.942097,0.9516311884
114.169068,22.322918,http://pbs.twimg.com/media/D8Dbx_dXUAANoTf.jpg,2019-06-02 13:38:55.005083,0.9513384104
-99.16125843,19.4062628,http://pbs.twimg.com/media/D7OUeJ1X4AAq2ZO.jpg,2019-05-23 06:07:05.904702,0.9512651563
139.78459019,35.68394498,http://pbs.twimg.com/media/D8RkwcxW4AEzvA6.jpg,2019-06-05 07:32:48.719113,0.9511013031
-114.05781287,51.04189504,http://pbs.twimg.com/media/D7GcPKcU8AEbuoT.jpg,2019-05-21 17:24:04.631545,0.9510005713
-84.58907439,33.79792345,http://pbs.twimg.com/media/D8Alkq0XsAAij0T.jpg,2019-06-02 00:22:51.385755,0.9508158565
122.073034,6.948446,http://pbs.twimg.com/media/D6cSmLZV4AAeMLo.jpg,2019-05-13 12:57:54.011851,0.9507594109
140.04219258,35.72140151,http://pbs.twimg.com/media/D7yPri_XoAAWCXD.jpg,2019-05-30 05:32:29.755642,0.9507073164
139.70104505,35.6585418,http://pbs.twimg.com/media/D6bsFaOWsAAB9Qp.jpg,2019-05-13 10:09:37.872466,0.9504286051
141.35407125,43.05011876,http://pbs.twimg.com/media/D8htJYoW4AAisv5.jpg,2019-06-08 10:43:23.444135,0.950106442
136.81790782,35.30766678,http://pbs.twimg.com/media/D7K7sX-XYAIiTl5.jpg,2019-05-22 14:19:58.729031,0.9500026703
24.94350582,60.16662927,http://pbs.twimg.com/media/D6_E_hxWwAA5tji.jpg,2019-05-20 07:05:11.606922,0.9498311281
139.73656735,35.62851067,http://pbs.twimg.com/media/D8hkwrSXUAAAL7N.jpg,2019-06-08 10:06:44.932008,0.9497100711
-95.36463,29.744391,http://pbs.twimg.com/media/D7sgBl1XkAE_Tz0.jpg,2019-05-29 02:46:11.279589,0.949651897
55.2777046,25.19725451,http://pbs.twimg.com/media/D75kssjUwAApwJy.jpg,2019-05-31 15:41:39.866983,0.9496001005
138.9309848,35.5827581,http://pbs.twimg.com/media/D7XpG5WU8AA7jIn.jpg,2019-05-25 01:33:52.453614,0.9494764209
-2.0760867,57.1493267,http://pbs.twimg.com/media/D6neGrAXkAERIrq.jpg,2019-05-15 17:04:02.368992,0.949429512
103.325886,4.740752,http://pbs.twimg.com/media/D8sAoKfXYAAewG3.jpg,2019-06-10 10:44:42.519215,0.949390471
-75.46508789,10.4023906,http://pbs.twimg.com/media/D7QyMAHVsAAwpjF.jpg,2019-05-23 17:36:10.595117,0.9492025375
139.8674835,36.56540913,http://pbs.twimg.com/media/D79fFFfWkAAgIj7.jpg,2019-06-01 09:55:36.194065,0.9490216374
-3.7063827,40.3688709,http://pbs.twimg.com/media/D8SyyjfWkAEXVGo.jpg,2019-06-05 13:13:49.915196,0.9488832355
85.3122286,23.3773838,http://pbs.twimg.com/media/D6bDOkxUYAAWD9N.jpg,2019-05-13 07:11:10.688697,0.9488249421
-122.48823,37.74867,http://pbs.twimg.com/media/D8ENR8FXsAA5wKV.jpg,2019-06-02 17:15:10.983314,0.9485374689
135.6,34.59666667,http://pbs.twimg.com/media/D7ajoNhV4AAmZk1.png,2019-05-25 15:08:45.682348,0.9484785199
-0.11145,51.52262167,http://pbs.twimg.com/media/D6twMllWkAICY6r.jpg,2019-05-16 22:20:49.155029,0.9482678175
-16.965376,14.422842,http://pbs.twimg.com/media/D82mbUhWwAECYmy.jpg,2019-06-12 12:06:03.140306,0.9482212663
114.10512964,22.35314604,http://pbs.twimg.com/media/D66in8PWwAA-Pkr.jpg,2019-05-19 09:56:31.695210,0.9479585886
130.51719189,33.37591062,http://pbs.twimg.com/media/D8f94JlWkAE1w4F.jpg,2019-06-08 02:37:15.079358,0.9479291439
139.79493395,35.7053675,http://pbs.twimg.com/media/D7TZmTeWwAEAvVe.jpg,2019-05-24 05:47:36.192794,0.9478338957
-71.4822273,-32.7592579,http://pbs.twimg.com/media/D66T6uIWwAAjrvP.jpg,2019-05-19 08:52:22.063380,0.9477027655
106.83485,-6.37289,http://pbs.twimg.com/media/D8Hv9IIX4AASQjd.jpg,2019-06-03 09:45:31.942255,0.9474865198
139.801491,35.806094,http://pbs.twimg.com/media/D8igpTAXUAAT6B4.jpg,2019-06-08 14:28:23.550451,0.9469470978
54.3620831,24.4800229,http://pbs.twimg.com/media/D68oWGIXsAEUt6z.jpg,2019-05-19 19:40:45.894257,0.946770072
135.61885895,34.7409489,http://pbs.twimg.com/media/D8s2ggEW4AEjk6o.jpg,2019-06-10 14:40:12.660300,0.9465520382
110.7228626,-6.7920527,http://pbs.twimg.com/media/D8cB537U0AA5vpW.jpg,2019-06-07 08:16:57.682355,0.9463047981
121.5099932,25.0556743,http://pbs.twimg.com/ext_tw_video_thumb/1134650234473144320/pu/img/pRf8JE2rsBbS4N7k.jpg,2019-06-01 04:38:10.189508,0.9462423921
139.78586377,35.6917661,http://pbs.twimg.com/media/D6ldeSFXsAAX2Ax.jpg,2019-05-15 07:41:59.956951,0.9461565018
-87.77104,41.95371,http://pbs.twimg.com/media/D730NklWkAAPfZJ.jpg,2019-05-31 07:30:12.651423,0.9460945129
-90.67075074,42.50573093,http://pbs.twimg.com/media/D7_fK98WkAAMYEf.jpg,2019-06-01 19:15:14.631914,0.9459222555
-3.70638958,40.41977405,http://pbs.twimg.com/media/D77bsNsWwAAm1oa.jpg,2019-06-01 00:21:41.068189,0.9456471205
-66.90205285,18.47565734,http://pbs.twimg.com/media/D68VbXZX4AAf9P0.jpg,2019-05-19 18:18:15.133864,0.9454559088
129.87657309,32.74633715,http://pbs.twimg.com/media/D7UOWuAWsAAAgrj.jpg,2019-05-24 09:38:06.920586,0.9453995228
135.18181574,34.68405033,http://pbs.twimg.com/media/D7zbGdIWsAA1SMO.jpg,2019-05-30 11:02:00.864295,0.9450073242
24.48118326,-22.34263245,http://pbs.twimg.com/media/D85BPwBW4AAIxpM.jpg,2019-06-12 23:22:30.356261,0.9449228644
-3.17897826,36.94974942,http://pbs.twimg.com/media/D8EcYOyXYAEp5cv.jpg,2019-06-02 18:21:09.353818,0.9446582794
136.91715103,35.32543098,http://pbs.twimg.com/media/D7T8MMjX4AEZXRr.jpg,2019-05-24 08:18:43.956715,0.9445565343
-95.28797284,32.32459662,http://pbs.twimg.com/media/D7rGy_kX4AI-jFN.jpg,2019-05-28 20:16:20.461692,0.9444907308
-83.3073804,34.5572949,http://pbs.twimg.com/media/D77XyKAXUAAeSnH.jpg,2019-06-01 00:04:33.076338,0.9444448948
-114.167951,51.098835,http://pbs.twimg.com/media/D8uLc0dWkAA4MhM.jpg,2019-06-10 20:51:14.171899,0.9443906546
130.3993396,33.5901067,http://pbs.twimg.com/media/D6lzpgjX4AIE8Dj.jpg,2019-05-15 09:18:52.879897,0.9441513419
139.4794761,35.67181861,http://pbs.twimg.com/media/D8iYUn2XsAI3YlJ.jpg,2019-06-08 13:52:01.631454,0.9440683722
30.97970868,36.8747084,http://pbs.twimg.com/media/D8OZq85U0AEMwBW.jpg,2019-06-04 16:45:31.161085,0.9439382553
135.79241381,34.51290163,http://pbs.twimg.com/media/D8IUHIeVUAEVQKW.jpg,2019-06-03 12:23:31.034469,0.9439277649
-1.2328819,51.7248487,http://pbs.twimg.com/media/D639EboX4AcvQDu.jpg,2019-05-18 21:53:12.253930,0.9435122013
-118.46378753,34.20364425,http://pbs.twimg.com/media/D7kQ559W0AAOzVW.jpg,2019-05-27 12:23:09.873096,0.9434268475
29.07004952,41.03475829,http://pbs.twimg.com/media/D67Al3AW4AYcVHM.jpg,2019-05-19 12:07:27.523204,0.9433875084
135.43833333,34.78333333,http://pbs.twimg.com/media/D7ftkPAU0AA-o4s.png,2019-05-26 15:10:17.129944,0.9433209896
143.167096,42.904402,http://pbs.twimg.com/media/D8gImExXYAEArpC.jpg,2019-06-08 03:24:04.615848,0.9432845712
121.47043648,31.23474692,http://pbs.twimg.com/media/D8Q3gRqWsAAwFEK.jpg,2019-06-05 04:15:05.996830,0.9430539608
135.50571663,34.67515253,http://pbs.twimg.com/media/D7K08jnW0AkLwnm.jpg,2019-05-22 13:50:30.192251,0.943013072
100.56875237,13.82862609,http://pbs.twimg.com/media/D6xK8pmW4AA5GwN.jpg,2019-05-17 14:16:30.412222,0.942828238
101.77404667,3.15078333,http://pbs.twimg.com/media/D7NJfDhUIAAboXL.jpg,2019-05-23 00:39:45.843864,0.9425250888
139.70398085,35.65728306,http://pbs.twimg.com/media/D6nCkarX4AEL9iB.jpg,2019-05-15 15:03:41.675509,0.9424248338
-96.79967409,32.80421353,http://pbs.twimg.com/media/D6kRdNLWsAoaqey.jpg,2019-05-15 02:09:52.849244,0.9420653582
139.6973596,35.2436492,http://pbs.twimg.com/media/D65gxtKV4AAvRhA.jpg,2019-05-19 05:08:53.314209,0.9420425296
-6.353549,53.71281,http://pbs.twimg.com/media/D6nPVcbXkAA1Zjd.jpg,2019-05-15 15:59:28.408188,0.9416922927
-20.12526575,64.32521419,http://pbs.twimg.com/media/D8OSXjHUEAI7QMC.jpg,2019-06-04 16:13:40.188815,0.9413945675
144.99643,-37.825367,http://pbs.twimg.com/media/D6l9UTVW4AErGiD.jpg,2019-05-15 10:01:07.666325,0.9412844181
27.570266,53.926409,http://pbs.twimg.com/media/D8Sbio1WkAAh39l.jpg,2019-06-05 11:32:13.096820,0.9412651062
22.26705283,60.45175245,http://pbs.twimg.com/media/D80kNyaXkAEaZxz.jpg,2019-06-12 02:37:09.728069,0.9412545562
22.26705283,60.45175245,http://pbs.twimg.com/media/D81T0saWsAAWQ_M.jpg,2019-06-12 06:05:09.627868,0.9412545562
8.73251669,47.49792127,http://pbs.twimg.com/media/D70GWudX4AAC0UN.jpg,2019-05-30 14:11:00.192266,0.9412334561
135.40667325,34.50305232,http://pbs.twimg.com/media/D7SfoiZXkAAD4PL.jpg,2019-05-24 01:34:21.041406,0.9412137866
-73.85102,40.85375,http://pbs.twimg.com/media/D7kg7G7WsAE5o7G.jpg,2019-05-27 13:33:09.567878,0.941101253
123.8047739,8.4879834,http://pbs.twimg.com/media/D62YBY7WkAYMV2s.jpg,2019-05-18 14:32:06.930350,0.9409831762
139.74109297,35.70068486,http://pbs.twimg.com/media/D8RVk33W4AI-T15.jpg,2019-06-05 06:26:28.991234,0.9406667948
135.7874927,35.0439643,http://pbs.twimg.com/media/D7l56FlUYAABP3o.jpg,2019-05-27 20:01:57.269379,0.940508306
133.93055565,34.63276642,http://pbs.twimg.com/media/D62wB_jXYAg3k6z.jpg,2019-05-18 16:16:38.798697,0.9404157996
135.49566242,34.67099639,http://pbs.twimg.com/media/D7EjPkFW0AAcrxh.jpg,2019-05-21 08:35:26.480589,0.9403175116
-36.00377789,-9.51439887,http://pbs.twimg.com/media/D7X5MHcWwAEtaqT.jpg,2019-05-25 02:44:10.950511,0.9400746226
7.74135127,48.59779622,http://pbs.twimg.com/media/D8fWVw1W4AIk3Lh.jpg,2019-06-07 23:44:31.525685,0.9399881959
139.77101415,35.69952076,http://pbs.twimg.com/media/D65Cie2WsAA3kr6.jpg,2019-05-19 02:56:44.930028,0.9398939013
29.1483318,-25.8712053,http://pbs.twimg.com/media/D8qx832XsAAp6Sv.jpg,2019-06-10 05:00:59.519990,0.9398655891
-99.19498617,19.41180217,http://pbs.twimg.com/media/D6msT3nWkAANd2U.jpg,2019-05-15 13:26:26.680733,0.9396879077
136.78228501,34.50685764,http://pbs.twimg.com/media/D7WtEDYWsAEB_RH.jpg,2019-05-24 21:11:30.438479,0.9395064712
-73.85003,40.85719,http://pbs.twimg.com/media/D8evH7iX4AMuqWE.jpg,2019-06-07 20:53:10.501904,0.9392546415
136.73030663,35.03866691,http://pbs.twimg.com/media/D64_csaX4AAAEPf.jpg,2019-05-19 02:43:13.244038,0.9391782284
-90.69156819,42.49805698,http://pbs.twimg.com/media/D8n6wVSX4AAF2TS.jpg,2019-06-09 15:40:34.443960,0.9391310811
-8.413861,37.088679,http://pbs.twimg.com/media/D7kkQRLXkAAWrL1.jpg,2019-05-27 13:47:42.319790,0.9391095042
-122.4038562,37.7792182,http://pbs.twimg.com/media/D7S0VMwXoAAUETp.jpg,2019-05-24 03:04:46.557994,0.9386619329
138.16787082,36.09778994,http://pbs.twimg.com/media/D8hbvsNWkAICWjv.jpg,2019-06-08 09:27:21.843125,0.9385979176
25.03645509,60.30918705,http://pbs.twimg.com/media/D7AB3wUX4AA1Q27.jpg,2019-05-20 11:31:09.790876,0.9385496378
139.89408592,35.33330043,http://pbs.twimg.com/media/D7xkc7SWwAAk5jd.jpg,2019-05-30 02:23:37.703346,0.9385002851
130.41113,33.590311,http://pbs.twimg.com/media/D7ehKufX4AAEKLh.jpg,2019-05-26 09:36:29.662966,0.9384459257
3.22579929,51.20858411,http://pbs.twimg.com/media/D7ag2hrW0AIsXnL.jpg,2019-05-25 14:56:38.387577,0.9382662177
102.78151098,17.41058968,http://pbs.twimg.com/media/D8ht3P0X4AAITst.jpg,2019-06-08 10:46:31.234567,0.9382526278
51.42430159,35.78672184,http://pbs.twimg.com/media/D8SYP2pW4AAA41K.jpg,2019-06-05 11:17:47.035891,0.9381842017
136.90833,35.172516,http://pbs.twimg.com/media/D65UAlbX4AA5x8r.jpg,2019-05-19 04:13:03.428269,0.9381294847
139.63404212,35.45676326,http://pbs.twimg.com/media/D7KkIttXsAAD_DC.jpg,2019-05-22 12:37:03.363870,0.9380421638
121.52495028,25.05746535,http://pbs.twimg.com/media/D66UamkXsAAr9hp.jpg,2019-05-19 08:54:27.671087,0.9380076528
140.38742065,35.76977564,http://pbs.twimg.com/media/D8GbOjeXsAAb83d.jpg,2019-06-03 03:35:21.061502,0.937833786
-82.551638,35.58936113,http://pbs.twimg.com/media/D634HttW0AESOeF.jpg,2019-05-18 21:31:37.907133,0.937830627
136.909425,35.17072833,http://pbs.twimg.com/media/D81KgPRVUAAl-5g.jpg,2019-06-12 05:24:28.536085,0.9377722144
-73.82971755,40.78196653,http://pbs.twimg.com/media/D8uADnkWwAI-egS.jpg,2019-06-10 20:01:27.163590,0.9377575517
138.54584687,35.07689434,http://pbs.twimg.com/media/D77-D38XYAAPBYh.jpg,2019-06-01 02:51:42.902557,0.9377529621
-1.2328819,51.7248487,http://pbs.twimg.com/media/D63yUMCXoAAhvh7.jpg,2019-05-18 21:06:13.319099,0.9377455711
139.702009,35.696136,http://pbs.twimg.com/media/D6cNxL5XkAAqg1U.jpg,2019-05-13 12:36:48.038992,0.9374922514
114.18491537,22.28014995,http://pbs.twimg.com/media/D8mzZeCVUAEoC8y.jpg,2019-06-09 10:28:54.745303,0.9374522567
-38.53030135,-13.00963436,http://pbs.twimg.com/media/D8vGr3yWsAEVXnF.jpg,2019-06-11 01:10:01.892527,0.9373241067
0.0224875,51.5499855,http://pbs.twimg.com/media/D84Luy4WwAA0mEC.jpg,2019-06-12 19:28:43.331021,0.937274456
-1.2328819,51.7248487,http://pbs.twimg.com/media/D6x6uJzW0AEQusX.jpg,2019-05-17 17:45:13.411874,0.9364326
16.37120772,48.20565304,http://pbs.twimg.com/media/D7-VTqrW4AAa_qe.jpg,2019-06-01 13:52:39.661740,0.9361787438
139.42663105,35.43963464,http://pbs.twimg.com/media/D7J0j26XoAEWQxD.jpg,2019-05-22 09:09:12.129226,0.9361407757
5.07025912,52.1275224,http://pbs.twimg.com/media/D74xUB1UEAAoMph.jpg,2019-05-31 11:57:09.557993,0.9361364841
126.96505019,37.53020401,http://pbs.twimg.com/media/D65tm_aWkAE8bfL.jpg,2019-05-19 06:04:54.485185,0.9360973835
-1.2328819,51.7248487,http://pbs.twimg.com/media/D6wm8viXkAEOLOj.jpg,2019-05-17 11:39:13.375060,0.9360911846
139.76076464,35.69519789,http://pbs.twimg.com/media/D7olHg9WwAAwlBk.jpg,2019-05-28 08:29:57.117977,0.9359493852
46.57472682,24.7356763,http://pbs.twimg.com/media/D7wsfH4XkAoAV_2.jpg,2019-05-29 22:19:06.667471,0.9358791113
131.27833333,33.93,http://pbs.twimg.com/media/D7ftJlqVsAAfT1M.png,2019-05-26 15:08:27.791824,0.9358424544
139.78323326,35.68948674,http://pbs.twimg.com/media/D8iD1RrXsAAIRv5.jpg,2019-06-08 12:22:31.153236,0.9356027246
101.7045501,3.1439707,http://pbs.twimg.com/media/D81J0oUU0AAnDVj.jpg,2019-06-12 05:21:31.294333,0.9355671406
-59.2617022,-29.1414036,http://pbs.twimg.com/media/D8FWsKKXkAACXdi.jpg,2019-06-02 22:35:58.455941,0.9355373979
-1.2328819,51.7248487,http://pbs.twimg.com/media/D6yHxOdWwAUY92x.jpg,2019-05-17 18:42:13.969200,0.9354820251
139.45790332,35.33025464,http://pbs.twimg.com/media/D7VTiifW0AAj5UW.jpg,2019-05-24 14:40:22.550299,0.9354797006
139.792555,35.712001,http://pbs.twimg.com/media/D73iv50U0AACy4y.jpg,2019-05-31 06:13:54.458078,0.9354094863
120.28576018,22.92463325,http://pbs.twimg.com/media/D78-xbmX4AYenCW.jpg,2019-06-01 07:34:26.768993,0.9352107644
-47.8683912,-15.7999711,http://pbs.twimg.com/ext_tw_video_thumb/1132662348903321605/pu/img/em_iHQf9MkTVkLLL.jpg,2019-05-26 17:13:03.041827,0.9352098107
133.91767373,34.66608008,http://pbs.twimg.com/media/D8aJ9QdWwAYcfjD.jpg,2019-06-06 23:32:18.341580,0.9351297021
130.69506402,32.57689267,http://pbs.twimg.com/media/D7EZdS5XkAAr8Jt.jpg,2019-05-21 07:52:40.986417,0.9347804189
139.70101054,35.65850674,http://pbs.twimg.com/media/D7D-vARXYAA2joO.jpg,2019-05-21 05:55:55.643646,0.9347371459
130.5407995,31.58375696,http://pbs.twimg.com/media/D7oygBVXoAAKKjr.jpg,2019-05-28 09:28:25.433822,0.9345659018
140.478468,40.59875,http://pbs.twimg.com/media/D8h5fuKXkAAp2tb.jpg,2019-06-08 11:37:20.481206,0.9345214367
6.32706802,51.51776169,http://pbs.twimg.com/media/D6w_Em3XYAAhCkY.jpg,2019-05-17 13:24:38.571152,0.934407115
138.7931048,36.42429838,http://pbs.twimg.com/media/D647FnrXYAIlASl.jpg,2019-05-19 02:24:11.724383,0.9342374206
-4.3215276,55.9154585,http://pbs.twimg.com/media/D6cFoyBW4AwVcGd.jpg,2019-05-13 12:01:16.794300,0.934081614
-1.2328819,51.7248487,http://pbs.twimg.com/media/D6w7Fj3XoAA1N2w.jpg,2019-05-17 13:07:12.081801,0.9340236783
-118.46081284,34.19554714,http://pbs.twimg.com/media/D7J8VaJWkAAfLRF.jpg,2019-05-22 09:43:10.566719,0.9339127541
-2.5391554,53.4884107,http://pbs.twimg.com/media/D8DE4qKXoAAosul.jpg,2019-06-02 11:58:55.452483,0.9339029789
139.880829,35.632089,http://pbs.twimg.com/media/D77wg6IW4AA0LGR.jpg,2019-06-01 01:52:31.921978,0.9338116646
139.87634204,35.75757955,http://pbs.twimg.com/media/D7ZjRCNW4AAFrx0.jpg,2019-05-25 10:27:33.752966,0.9337781668
-43.4468586,-22.8799695,http://pbs.twimg.com/media/D7AzXN1WwAAo4-f.jpg,2019-05-20 15:07:26.150044,0.9336958528
139.81248407,35.69813629,http://pbs.twimg.com/media/D73Jg5GWkAA8Z7G.jpg,2019-05-31 04:23:39.331294,0.9336631894
29.02012003,41.07620234,http://pbs.twimg.com/media/D7gao56X4AApQH4.jpg,2019-05-26 18:27:12.665853,0.933385849
139.79732,35.71079,http://pbs.twimg.com/media/D7S1MrdX4AA70Vf.jpg,2019-05-24 03:08:35.195892,0.933375895
135.18792912,34.69096607,http://pbs.twimg.com/media/D8quyTQWkAAh0Vu.jpg,2019-06-10 04:47:08.545323,0.9333363175
135.18792912,34.69096607,http://pbs.twimg.com/media/D8quyTQWkAAh0Vu.jpg,2019-06-10 04:47:09.802284,0.9333363175
139.490371,35.337937,http://pbs.twimg.com/media/D674qOLW4AEFNWK.jpg,2019-05-19 16:12:25.519144,0.9332557917
-58.23992564,-34.734947,http://pbs.twimg.com/media/D7TZCdCWwAA3xlK.jpg,2019-05-24 05:45:09.525462,0.9332242608
136.87986291,35.17083239,http://pbs.twimg.com/media/D8DKF0lXYAAmvhh.jpg,2019-06-02 12:21:37.245606,0.9330624938
6.51336908,51.23752426,http://pbs.twimg.com/media/D7viBURX4AEEqM4.jpg,2019-05-29 16:53:46.174373,0.9330611229
108.089764,-6.3353412,http://pbs.twimg.com/media/D73QZ59UIAAEugc.jpg,2019-05-31 04:53:49.587387,0.9330145121
136.17671729,34.97886857,http://pbs.twimg.com/media/D8gfMhqXoAAUZlW.jpg,2019-06-08 05:02:49.064441,0.9330124855
-1.2328819,51.7248487,http://pbs.twimg.com/media/D67tZr5X4AAfFH4.jpg,2019-05-19 15:23:14.230742,0.932946384
24.80003446,64.26677394,http://pbs.twimg.com/media/D7IbvgbXoAEwnty.jpg,2019-05-22 02:41:10.617820,0.9329282045
24.80003446,64.26677394,http://pbs.twimg.com/media/D8QhippWsAA6V_O.jpg,2019-06-05 02:39:08.277827,0.9329282045
47.96196,29.251895,http://pbs.twimg.com/media/D7YyenMWwAU0Ov9.jpg,2019-05-25 06:54:24.160791,0.9327484965
-100.35243266,25.67805056,http://pbs.twimg.com/media/D7_VwPIU8AI56u8.jpg,2019-06-01 18:34:07.394632,0.9326699972
-113.50138664,53.53857317,http://pbs.twimg.com/media/D7Cbr6uVUAI4DM1.jpg,2019-05-20 22:43:10.671476,0.9326544404
25.67494959,62.12899265,http://pbs.twimg.com/media/D8rGI0qXYAAtzuc.jpg,2019-06-10 06:29:11.727465,0.9326459169
-60.62995323,-32.95990112,http://pbs.twimg.com/media/D63XdRlWsAAxkjn.jpg,2019-05-18 19:08:55.588259,0.9325618148
140.438491,37.996952,http://pbs.twimg.com/media/D8llqnlW4AErLHz.jpg,2019-06-09 04:49:11.346821,0.932469666
-61.6039043,-33.9977897,http://pbs.twimg.com/media/D6hnH7PUYAEPOH_.jpg,2019-05-14 13:45:40.654939,0.9324532747
136.2272908,35.19778413,http://pbs.twimg.com/media/D6gJoDNW4AAq4Zv.jpg,2019-05-14 06:57:11.599826,0.9323757887
136.884122,35.1729964,http://pbs.twimg.com/media/D6l-Y6ZUwAAwikn.jpg,2019-05-15 10:05:51.681361,0.9323559403
-83.415339,42.53985,http://pbs.twimg.com/media/D76dopEW4AUGlJY.jpg,2019-05-31 19:50:26.111971,0.932097137
15.9739474,45.7987576,http://pbs.twimg.com/media/D7LUzLRXkAAZJSv.jpg,2019-05-22 16:09:47.982556,0.93207407
139.15062491,35.26333969,http://pbs.twimg.com/media/D6fzwNDWkAAkU8s.jpg,2019-05-14 05:21:37.172544,0.9319545031
139.303458,35.777913,http://pbs.twimg.com/media/D67g3agXkAAnL_i.jpg,2019-05-19 14:28:27.846517,0.931833148
-1.2328819,51.7248487,http://pbs.twimg.com/media/D63xZbyWwAAkUv7.jpg,2019-05-18 21:02:12.595114,0.9318056703
-1.2328819,51.7248487,http://pbs.twimg.com/media/D638Yo2XYAE1FnB.jpg,2019-05-18 21:50:12.929906,0.9315453768
50.22120678,26.27206799,http://pbs.twimg.com/media/D8mw_BlXsAAzAJ9.jpg,2019-06-09 10:18:15.635395,0.9313057065
135.17201646,34.68466066,http://pbs.twimg.com/media/D7EHYTUXsAAlHtb.jpg,2019-05-21 06:33:42.264258,0.9312158227
39.82639708,21.41881543,http://pbs.twimg.com/media/D7g_YaiW0AAbYzv.jpg,2019-05-26 21:07:47.001377,0.9309933186
139.66527343,35.70533632,http://pbs.twimg.com/media/D82qN5cXoAIlpCu.jpg,2019-06-12 12:22:36.978047,0.9308502078
139.814484,35.696739,http://pbs.twimg.com/media/D7D4EBDXkAApW_a.jpg,2019-05-21 05:26:46.530939,0.9307442307
13.06726812,52.39174628,http://pbs.twimg.com/media/D8OvQi0XYAAJ5fa.jpg,2019-06-04 18:19:49.896353,0.9305746555
-87.76859,41.95929,http://pbs.twimg.com/media/D7Jt64yXYAAJteN.jpg,2019-05-22 08:40:11.222711,0.9304388762
139.698046,35.660688,http://pbs.twimg.com/media/D67spsHW0AIuh7-.jpg,2019-05-19 15:19:57.584358,0.9304084182
18.61671784,-34.01625586,http://pbs.twimg.com/media/D8d5XcMXoAAdrWC.jpg,2019-06-07 16:58:20.726186,0.9302423596
73.37686676,54.9740528,http://pbs.twimg.com/media/D6t7GUEWkAw1zYY.jpg,2019-05-16 23:08:26.538988,0.9302118421
139.786669,35.888728,http://pbs.twimg.com/media/D7-JbYQX4AA_UkS.jpg,2019-06-01 13:00:37.319466,0.9302049279
121.69504292,38.89162395,http://pbs.twimg.com/media/D7Yr71pWkAERn4M.jpg,2019-05-25 06:25:49.351685,0.9299610853
-73.3924332,40.69408232,http://pbs.twimg.com/media/D76OAbIX4AEa8x0.jpg,2019-05-31 18:42:09.400452,0.9298490882
-100.39105589,20.61484688,http://pbs.twimg.com/media/D6ubYh-WwAA2A8M.jpg,2019-05-17 01:29:26.998119,0.9298109412
131.35237,34.0099,http://pbs.twimg.com/media/D8gx2ZvW4AAXWDP.jpg,2019-06-08 06:24:19.274907,0.9297375679
-85.61963376,38.25000651,http://pbs.twimg.com/ext_tw_video_thumb/1131726885422030849/pu/img/QcldaTX-5rm0-Cde.jpg,2019-05-24 03:01:41.629738,0.9297114015
-1.2328819,51.7248487,http://pbs.twimg.com/media/D63zdNOWwAE0Pzf.jpg,2019-05-18 21:11:12.323046,0.9296466112
138.566941,35.672454,http://pbs.twimg.com/media/D7FrOFcWkAEYhjM.jpg,2019-05-21 13:49:55.023928,0.9295416474
135.40665173,34.50104821,http://pbs.twimg.com/media/D8vQPXCXUAEGqMq.jpg,2019-06-11 01:51:46.648471,0.9294869304
101.913381,3.518945,http://pbs.twimg.com/media/D798YGwXsAAFqJJ.jpg,2019-06-01 12:03:36.759434,0.9293454289
3.15075274,42.26270549,http://pbs.twimg.com/media/D80peNKXoAEtFA6.jpg,2019-06-12 03:00:06.939512,0.9293168783
137.17810149,35.02969007,http://pbs.twimg.com/media/D7EhEV5XsAAFcE7.jpg,2019-05-21 08:25:55.934039,0.929249227
-118.48195387,34.19817319,http://pbs.twimg.com/media/D8pyXggXkAEQAkG.jpg,2019-06-10 00:23:09.697124,0.929117322
-77.30663596,42.46112932,http://pbs.twimg.com/media/D73iOB1U8AEVmlB.jpg,2019-05-31 06:11:35.735978,0.9290268421
135.4764448,34.6693138,http://pbs.twimg.com/media/D7FDe82VsAIztyk.jpg,2019-05-21 10:56:21.527850,0.9289490581
139.37653873,35.61435413,http://pbs.twimg.com/media/D7KgYokW4AAPBdW.jpg,2019-05-22 12:20:40.246507,0.9288592339
132.74313616,34.4311012,http://pbs.twimg.com/media/D8cGWkCXkAEtMg3.jpg,2019-06-07 08:35:47.566339,0.9288015366
130.41889542,33.59110179,http://pbs.twimg.com/media/D6lKwIUWkAAizzh.jpg,2019-05-15 06:20:12.209897,0.9286870956
5.46235609,43.3131218,http://pbs.twimg.com/media/D8SODiWWsAAVyXI.jpg,2019-06-05 10:33:14.248255,0.9285966158
-73.86407,40.8493,http://pbs.twimg.com/media/D6yO2MqXsAA2oU2.jpg,2019-05-17 19:13:09.911461,0.9285222292
137.97845239,36.23275702,http://pbs.twimg.com/media/D7tGAq1XkAEMgr4.jpg,2019-05-29 05:32:09.097993,0.9285157323
139.76152938,35.71643067,http://pbs.twimg.com/media/D74BicjWkAAk4MV.jpg,2019-05-31 08:28:25.376117,0.9284793139
135.23024845,34.43730451,http://pbs.twimg.com/media/D7r1iKwWwAA11qC.jpg,2019-05-28 23:40:32.627717,0.9284139872
139.65845407,35.69866372,http://pbs.twimg.com/media/D7ZM2qfW0AEI5jG.jpg,2019-05-25 08:49:38.459526,0.9284054041
107.6542333,-6.9098009,http://pbs.twimg.com/media/D8WPqvzUYAMJ_YM.jpg,2019-06-06 05:18:49.744660,0.9281743765
139.87438419,35.46443242,http://pbs.twimg.com/media/D7Vq-1IWkAELIDF.jpg,2019-05-24 16:22:47.601350,0.9279975295
-78.83867,38.364292,http://pbs.twimg.com/media/D7hGMssXoAEyJ9y.jpg,2019-05-26 21:37:31.705653,0.9278294444
139.75617349,35.67369195,http://pbs.twimg.com/media/D7YErXbWwAImBCA.jpg,2019-05-25 03:34:18.284534,0.9277552962
55.27766705,25.19812155,http://pbs.twimg.com/media/D7J6DOyVsAIJNBu.jpg,2019-05-22 09:33:11.204728,0.9277502298
139.61820736,35.46477888,http://pbs.twimg.com/media/D7zf0wnXoAEMhQF.jpg,2019-05-30 11:22:38.977923,0.9274244905
135.49262466,34.91668723,http://pbs.twimg.com/media/D74kkObW4AAfOse.jpg,2019-05-31 11:01:28.435363,0.9273810387
-121.4881612,38.5693717,http://pbs.twimg.com/media/D7Bw4R5UwAAL8I5.jpg,2019-05-20 19:36:09.596212,0.9273582101
133.10405023,34.39688664,http://pbs.twimg.com/media/D6hWlI-XkAE4iFr.jpg,2019-05-14 12:33:24.207334,0.9270504117
139.6274811,35.44582357,http://pbs.twimg.com/media/D8BtnhRXYAUE2c4.jpg,2019-06-02 05:37:36.221516,0.927041471
-80.87197973,35.22752081,http://pbs.twimg.com/media/D70mQ10WkAANWFM.jpg,2019-05-30 16:30:24.557446,0.9269920588
139.77457909,35.70048532,http://pbs.twimg.com/media/D65LsMJWwAA2eNx.jpg,2019-05-19 03:36:42.592232,0.9269545674
-1.2328819,51.7248487,http://pbs.twimg.com/media/D6yQPSEXYAE5b-U.jpg,2019-05-17 19:19:14.174880,0.9269304276
139.69561691,35.65882516,http://pbs.twimg.com/media/D662kg1WwAA9VFN.jpg,2019-05-19 11:23:40.734832,0.9268224835
141.352897,43.053666,http://pbs.twimg.com/media/D6mquigWwAEU7km.jpg,2019-05-15 13:19:31.843767,0.9267652631
18.4227706,-34.0753043,http://pbs.twimg.com/media/D67ahbsWkAALDTG.jpg,2019-05-19 14:00:48.507639,0.9266582727
139.51127975,35.69799015,http://pbs.twimg.com/media/D6ab4FSXkAUqWhQ.jpg,2019-05-13 04:19:12.129915,0.9264455438
137.0976502,34.9342222,http://pbs.twimg.com/media/D8D7ku2VUAAvqV3.jpg,2019-06-02 15:57:50.728720,0.9264172316
21.41712139,43.85992428,http://pbs.twimg.com/media/D82vDngXsAAeElt.jpg,2019-06-12 12:43:45.529079,0.9263828993
-73.8609,40.84928,http://pbs.twimg.com/media/D6846paXsAAiqiJ.jpg,2019-05-19 20:53:10.525795,0.926346302
-90.18381065,38.62845057,http://pbs.twimg.com/media/D7xDSv6XsAIH2Mn.jpg,2019-05-29 23:58:45.191509,0.9260890484
140.03465652,35.64700908,http://pbs.twimg.com/media/D7fEB0WWkAAScsX.jpg,2019-05-26 12:08:48.429322,0.9260395765
-1.2328819,51.7248487,http://pbs.twimg.com/media/D6yEkAfXkAAIow1.jpg,2019-05-17 18:28:13.306742,0.9258598685
135.3317236,35.4504334,http://pbs.twimg.com/media/D74dGRNUcAEAudo.jpg,2019-05-31 10:28:57.748895,0.9257822633
135.87062485,33.79708769,http://pbs.twimg.com/media/D7-JZJDWkAEj_du.jpg,2019-06-01 13:00:28.221174,0.9257044196
135.51491815,34.64700839,http://pbs.twimg.com/media/D67lxaSW4AADrH4.jpg,2019-05-19 14:49:54.231603,0.9256519079
141.24487167,38.715255,http://pbs.twimg.com/media/D7StaBPXYAAxdnx.jpg,2019-05-24 02:34:33.608579,0.9256307483
139.04320478,37.91875127,http://pbs.twimg.com/media/D7-K9pNXUAEhS4H.jpg,2019-06-01 13:07:20.195994,0.9256197214
103.78084066,1.29654524,http://pbs.twimg.com/media/D8wbALaX4AAC42u.jpg,2019-06-11 07:18:25.253960,0.9255673885
91.7981692,26.1430575,http://pbs.twimg.com/media/D7P5AYYUcAEaJgV.jpg,2019-05-23 13:26:24.713698,0.9255117178
135.484731,34.649621,http://pbs.twimg.com/media/D6cHS8uWsAAoqX9.jpg,2019-05-13 12:08:31.076353,0.9254976511
-1.2328819,51.7248487,http://pbs.twimg.com/media/D6yKhDvWkAIFc_l.jpg,2019-05-17 18:54:14.038572,0.9254820943
133.108586,33.8863265,http://pbs.twimg.com/media/D8BZqaJVsAAOo62.jpg,2019-06-02 04:10:31.158375,0.9254791141
82.8537299,27.6509501,http://pbs.twimg.com/media/D7UpRNuUcAAzi08.jpg,2019-05-24 11:35:43.072466,0.9254738688
139.770304,35.700164,http://pbs.twimg.com/media/D6mCrmaWAAEnq5z.jpg,2019-05-15 10:24:33.786809,0.9254248738
7.40549517,47.71453094,http://pbs.twimg.com/media/D79rBGMW4AUvNDT.jpg,2019-06-01 10:47:44.893670,0.9253565073
13.23976994,52.51484978,http://pbs.twimg.com/media/D62hYl8WsAAiPAv.jpg,2019-05-18 15:12:38.206306,0.9253311157
139.757367,35.6973927,http://pbs.twimg.com/media/D82rwovUYAAzuvS.jpg,2019-06-12 12:29:23.734950,0.9252942801
57.78672,-20.20558,http://pbs.twimg.com/media/D67SAReXoAAKtsd.jpg,2019-05-19 13:23:43.463514,0.9251768589
135.564616,34.678063,http://pbs.twimg.com/media/D8BDD4xWkAAG86P.jpg,2019-06-02 02:31:39.864004,0.9251593947
135.76922306,35.01870844,http://pbs.twimg.com/media/D8ggHXBWsAEFd3j.jpg,2019-06-08 05:06:49.997472,0.9250632524
140.4827,36.366035,http://pbs.twimg.com/media/D67Q2JyWwAE5KfT.jpg,2019-05-19 13:18:28.550268,0.9249770641
138.48054948,35.01436745,http://pbs.twimg.com/media/D7Z5T1RW4AIbPAc.jpg,2019-05-25 12:03:52.332609,0.9248819351
27.602651,53.914961,http://pbs.twimg.com/media/D7GShedUcAAvmSe.jpg,2019-05-21 16:41:38.682402,0.9247357249
121.02776273,14.64526311,http://pbs.twimg.com/media/D6h8rnnXsAAiEpn.jpg,2019-05-14 15:19:52.136646,0.9244804978
-99.19545241,19.42388173,http://pbs.twimg.com/media/D6keH4HX4Ac7Yy3.jpg,2019-05-15 03:05:13.782338,0.9243424535
139.83846903,35.73756032,http://pbs.twimg.com/media/D73c7QcUwAIkDK9.jpg,2019-05-31 05:48:28.284291,0.9242887497
136.90962674,35.113013,http://pbs.twimg.com/media/D8WSGFLWsAAZ-l5.jpg,2019-06-06 05:29:22.454816,0.9242302179
100.67819239,13.82481015,http://pbs.twimg.com/media/D7kUE6DWsAQV23H.jpg,2019-05-27 12:37:01.250806,0.9241104722
-1.2328819,51.7248487,http://pbs.twimg.com/media/D67s8EjXoAU3y2a.jpg,2019-05-19 15:21:12.664679,0.9239077568
138.84389354,34.85627189,http://pbs.twimg.com/media/D7s9edQWkAArKVe.jpg,2019-05-29 04:54:52.162966,0.9236655831
79.6335428,11.8025461,http://pbs.twimg.com/media/D8xKKAxUYAAG3G6.jpg,2019-06-11 10:44:28.267461,0.9236519933
48.00817144,29.27588612,http://pbs.twimg.com/media/D7JpNEyWkAA8zzg.jpg,2019-05-22 08:19:34.644596,0.9234220982
-90.0620616,29.94396823,http://pbs.twimg.com/media/D8jWdINXsAEKxkr.jpg,2019-06-08 18:23:29.356779,0.9234086871
130.43709,33.02932,http://pbs.twimg.com/media/D8HzXWWWsAEnpG9.jpg,2019-06-03 10:00:25.645588,0.9233546257
24.94350582,60.16662927,http://pbs.twimg.com/media/D8Dq8xlXkAAitdH.jpg,2019-06-02 14:45:15.949249,0.9233275652
-2.015132,53.962281,http://pbs.twimg.com/media/D7k4Q0kWkAIOyuh.jpg,2019-05-27 15:15:12.414290,0.9232929945
22.16360003,60.48813837,http://pbs.twimg.com/media/D83_8d6XoAAED0L.jpg,2019-06-12 18:37:11.200636,0.9232926369
-73.85991,40.85229,http://pbs.twimg.com/media/D8C12DcWsAEWVGo.jpg,2019-06-02 10:53:09.848229,0.9232421517
26.99684143,38.39339355,http://pbs.twimg.com/media/D7SsPsiXkAM_V7c.jpg,2019-05-24 02:29:26.659900,0.9231362939
-6.3444213,38.92448197,http://pbs.twimg.com/media/D8jDSW_XoAEdCEb.jpg,2019-06-08 16:59:45.014755,0.9230918288
139.6117461,35.1944827,http://pbs.twimg.com/media/D8l4RlkUwAAbb9A.jpg,2019-06-09 06:10:42.441884,0.923065424
-122.49276,37.74884,http://pbs.twimg.com/media/D8aoXwkX4AAwKZ5.jpg,2019-06-07 01:45:11.873334,0.923061192
-1.2328819,51.7248487,http://pbs.twimg.com/media/D633k5yWsAU5wtx.jpg,2019-05-18 21:29:12.553679,0.922924161
1.13619687,41.08394842,http://pbs.twimg.com/media/D8HKF6JXkAAuSR_.jpg,2019-06-03 07:00:06.260005,0.922788918
-73.86236,40.85209,http://pbs.twimg.com/media/D72UwnhX4AAEDEM.jpg,2019-05-31 00:33:10.566593,0.9227385521
-0.7259126,51.597342,http://pbs.twimg.com/media/D62Q0QpWwAEwIMO.jpg,2019-05-18 14:00:17.933035,0.9226991534
-1.2328819,51.7248487,http://pbs.twimg.com/media/D66F8B7X4AAYA4s.jpg,2019-05-19 07:51:11.469412,0.9226754904
129.96789115,33.44620107,http://pbs.twimg.com/media/D8CcYolXUAATWnd.jpg,2019-06-02 09:01:55.547919,0.9225447774
20.2495933,31.6770338,http://pbs.twimg.com/media/D8e_vLVX4AAcpmO.jpg,2019-06-07 22:06:03.561780,0.9225357771
25.47168106,65.01187296,http://pbs.twimg.com/media/D74Lx5-WsAU4KGO.jpg,2019-05-31 09:13:12.726609,0.9224704504
25.47168106,65.01187296,http://pbs.twimg.com/media/D74kgPBXsAEIBcA.jpg,2019-05-31 11:01:14.002816,0.9224704504
46.70525824,24.70124725,http://pbs.twimg.com/media/D7XXs6cXYAA9Us5.jpg,2019-05-25 00:17:47.625983,0.9223232865
-80.10567214,26.0957282,http://pbs.twimg.com/media/D7MXuiLXsAA6q2D.jpg,2019-05-22 21:02:06.007196,0.9222214818
139.94932406,36.72720535,http://pbs.twimg.com/media/D6lcXR4W4AYemfh.jpg,2019-05-15 07:37:09.267599,0.9222002029
135.417068,34.856447,http://pbs.twimg.com/media/D82nAQOXoAAuLkd.jpg,2019-06-12 12:08:34.559222,0.9221612215
135.41722496,34.85585904,http://pbs.twimg.com/media/D82nEngWsAIHM5Q.jpg,2019-06-12 12:08:52.394641,0.9221612215
139.79349375,35.69689817,http://pbs.twimg.com/media/D7e7GS5W0AEQ7h4.jpg,2019-05-26 11:29:47.851089,0.9220702648
135.49704518,34.68524371,http://pbs.twimg.com/media/D7VmsvrWwAEZDm7.jpg,2019-05-24 16:04:04.405057,0.9220519066
-0.3416414,51.45581778,http://pbs.twimg.com/media/D7gPbZwXsAACym4.jpg,2019-05-26 17:38:15.645592,0.9219581485
100.6372823,13.7719089,http://pbs.twimg.com/media/D66LXmqV4AAKRRn.jpg,2019-05-19 08:15:05.087009,0.9217749834
140.15808345,35.55302104,http://pbs.twimg.com/media/D8gv-ogXkAAeY3u.jpg,2019-06-08 06:16:08.515701,0.9217482805
140.38474,35.778934,http://pbs.twimg.com/media/D6vabTBWkAA5_7U.jpg,2019-05-17 06:04:53.662772,0.9217057228
137.993869,34.9059263,http://pbs.twimg.com/media/D8BxKGYUwAAjwrO.jpg,2019-06-02 05:53:09.717187,0.9216929674
127.76543336,26.22440108,http://pbs.twimg.com/media/D6b9TJwXkAINJ5e.jpg,2019-05-13 11:24:50.925720,0.9216627479
136.90450614,35.1579515,http://pbs.twimg.com/media/D6lFWdOXsAEuqRA.jpg,2019-05-15 05:56:36.459839,0.9215264916
139.736933,35.679204,http://pbs.twimg.com/media/D81ymhzX4AAUaA6.jpg,2019-06-12 08:19:37.764211,0.9214279652
25.42113118,57.5351436,http://pbs.twimg.com/media/D7uWOTBXsAAktoh.jpg,2019-05-29 11:22:36.227551,0.9214049578
-73.86216,40.84952,http://pbs.twimg.com/media/D65vf3_XkAAwxya.jpg,2019-05-19 06:13:10.014267,0.92140311
23.59695107,61.54996094,http://pbs.twimg.com/media/D62UAXvW0AAhY81.jpg,2019-05-18 14:14:14.202236,0.9213481545
-1.2328819,51.7248487,http://pbs.twimg.com/media/D6yD4NTW0AAQfZE.jpg,2019-05-17 18:25:14.135289,0.9213379622
-1.2328819,51.7248487,http://pbs.twimg.com/media/D66I6wkW0AAgzbg.jpg,2019-05-19 08:04:12.802547,0.9211699367
130.51794297,33.49830072,http://pbs.twimg.com/media/D6fdAJqXoAAYwcw.jpg,2019-05-14 03:42:13.288622,0.9209274054
-4.31435028,55.94119423,http://pbs.twimg.com/media/D82qK6aXsAEQLDm.jpg,2019-06-12 12:22:24.742888,0.9208419919
46.64929972,24.79220954,http://pbs.twimg.com/media/D8mPYqEXsAArpGr.jpg,2019-06-09 07:51:27.633965,0.9208053946
112.612818,-7.156172,http://pbs.twimg.com/media/D7kh8EGWkAACiRB.jpg,2019-05-27 13:37:35.078277,0.9207260013
-1.2328819,51.7248487,http://pbs.twimg.com/media/D637ss_W4AEIQCA.jpg,2019-05-18 21:47:12.895888,0.9206805825
-81.694361,41.49932,http://pbs.twimg.com/media/D8SP7Q8XYAEfrGs.jpg,2019-06-05 10:41:24.921193,0.9206327796
103.14813803,5.32754706,http://pbs.twimg.com/media/D8Dk7bGWwAUveUS.jpg,2019-06-02 14:18:52.555889,0.920575738
-85.14319415,41.07463694,http://pbs.twimg.com/media/D6ufTNgXkAAkGWD.jpg,2019-05-17 01:46:35.649161,0.9205055237
139.64405219,35.63158207,http://pbs.twimg.com/media/D78ReuHXsAA-VEf.jpg,2019-06-01 04:16:34.286488,0.9203627706
-1.2328819,51.7248487,http://pbs.twimg.com/media/D66HFRTXkAAWgXb.jpg,2019-05-19 07:56:11.745934,0.9203153253
23.86867493,61.16800635,http://pbs.twimg.com/media/D7qmBndWsAY2AJN.jpg,2019-05-28 17:53:10.652203,0.9202304482
-90.10428,38.71273,http://pbs.twimg.com/media/D72OrdtXoAUC4e-.jpg,2019-05-31 00:06:36.096319,0.9201848507
127.99221,26.608053,http://pbs.twimg.com/media/D82u7cVX4AEnxE0.jpg,2019-06-12 12:43:12.310210,0.9201468825
139.77106478,35.6998663,http://pbs.twimg.com/media/D70fVEyUcAEYLqf.jpg,2019-05-30 16:00:06.432223,0.9201459289
-1.597692,52.2747939,http://pbs.twimg.com/media/D7HaS3AXsAINnVY.jpg,2019-05-21 21:55:12.075709,0.920112431
30.51394057,39.77752469,http://pbs.twimg.com/media/D8jW78TXoAMGZa4.jpg,2019-06-08 18:25:35.600458,0.9200960398
49.5798596,25.3517623,http://pbs.twimg.com/media/D7LjrrsWwAIqSNd.jpg,2019-05-22 17:14:43.665630,0.9200897813
141.25268648,39.48989977,http://pbs.twimg.com/media/D772-00XsAAAZoY.jpg,2019-06-01 02:20:47.922540,0.9200647473
114.16133333,22.33047222,http://pbs.twimg.com/media/D75as5zW4AUbr02.jpg,2019-05-31 14:57:59.790695,0.9200040102
6.911674,52.23364,http://pbs.twimg.com/media/D7_u8vZWwAAyb45.jpg,2019-06-01 20:24:10.634548,0.9200001359
139.633876,35.650777,http://pbs.twimg.com/media/D8C8v6MX4AILwOU.jpg,2019-06-02 11:23:19.695704,0.9199029207
27.0878005,38.46632484,http://pbs.twimg.com/media/D6dSv72WAAAcTWF.jpg,2019-05-13 17:38:11.082352,0.919899106
139.50835,35.705658,http://pbs.twimg.com/media/D6nBoZeWsAE7fmJ.jpg,2019-05-15 14:59:35.797603,0.9197850227
55.27917421,25.19736433,http://pbs.twimg.com/media/D7PPGqCXoAAH-Qi.jpg,2019-05-23 10:23:16.320176,0.9197760224
24.032063,49.841848,http://pbs.twimg.com/media/D7vjimJW0AICyAY.jpg,2019-05-29 17:00:24.028706,0.9197164774
130.43522469,33.55411205,http://pbs.twimg.com/media/D79uyZTU8AEdOkr.jpg,2019-06-01 11:04:13.877008,0.9196237326
106.8206031,-6.1955368,http://pbs.twimg.com/ext_tw_video_thumb/1128209943658582016/pu/img/BYqduNIiSoSpJpaY.jpg,2019-05-14 10:06:40.494057,0.9195088148
130.5576219,31.56502823,http://pbs.twimg.com/media/D7X8pI5W0AI4rLP.jpg,2019-05-25 02:59:11.534738,0.9194234014
-92.92397961,17.9729981,http://pbs.twimg.com/media/D8oMrgeW4AIJlIO.jpg,2019-06-09 16:58:53.004268,0.9193971157
126.93265939,37.52747288,http://pbs.twimg.com/media/D8DKG_6XoAAqZUe.jpg,2019-06-02 12:21:42.159357,0.9193521738
-79.75958958,43.68499174,http://pbs.twimg.com/media/D63_rhOXsAIhkPw.jpg,2019-05-18 22:04:37.261004,0.9193034172
140.92400906,42.79469907,http://pbs.twimg.com/media/D7J5454XkAYEYYS.jpg,2019-05-22 09:32:28.816730,0.9192484021
50.07332592,26.40548272,http://pbs.twimg.com/media/D8AtKSjXUAAfLK8.jpg,2019-06-02 00:55:58.997099,0.919144094
139.7947438,35.63394648,http://pbs.twimg.com/media/D7OZwsaWsAIHMNg.jpg,2019-05-23 06:30:12.980180,0.9191206098
139.70018924,35.69024493,http://pbs.twimg.com/media/D7H8Q8jXkAA_CT9.jpg,2019-05-22 00:23:37.948208,0.9191038609
139.71880699,35.74743179,http://pbs.twimg.com/media/D6mgVDfWAAI1rdd.jpg,2019-05-15 12:34:06.840391,0.9189565778
139.71880699,35.74743179,http://pbs.twimg.com/media/D6mgVDfWAAI1rdd.jpg,2019-05-15 12:34:06.852579,0.9189565778
139.43340957,35.87387162,http://pbs.twimg.com/media/D8gw8jVWsAE7IpV.jpg,2019-06-08 06:20:23.318376,0.9189246893
138.92905989,35.37727874,http://pbs.twimg.com/media/D78qYstW4AAObrq.jpg,2019-06-01 06:05:25.839258,0.9189006686
-76.9158092,38.83362769,http://pbs.twimg.com/media/D8a7pT4XsAAylXk.jpg,2019-06-07 03:09:32.327255,0.9188097119
135.49941014,34.673428,http://pbs.twimg.com/media/D8ltSdTWsAA2Eyp.jpg,2019-06-09 05:22:29.554926,0.9187833667
-84.0854328,9.9113015,http://pbs.twimg.com/media/D84jMWjUcAACZR1.jpg,2019-06-12 21:11:10.188851,0.918753922
-99.16664343,19.42019506,http://pbs.twimg.com/media/D68PBcdXoAY_WWA.jpg,2019-05-19 17:50:08.107645,0.9186214805
-73.86133,40.85464,http://pbs.twimg.com/media/D8qrlkTXkAMyKm2.jpg,2019-06-10 04:33:09.631145,0.9186026454
-88.0025509,15.5452028,http://pbs.twimg.com/media/D67CfoDXsAsO1Hq.jpg,2019-05-19 12:15:47.874290,0.918510735
135.328251,34.750361,http://pbs.twimg.com/media/D7ZGNM7WsAAeb2d.jpg,2019-05-25 08:20:35.804023,0.9184992313
139.420501,35.768575,http://pbs.twimg.com/media/D8g1kh5X4AEbadu.jpg,2019-06-08 06:40:34.484403,0.9183792472
73.2921997,23.4676794,http://pbs.twimg.com/media/D7UOAlLVsAMBvgN.jpg,2019-05-24 09:36:42.383144,0.9183574915
127.26114,37.081978,http://pbs.twimg.com/media/D6vdUoGXoAMATt4.jpg,2019-05-17 06:17:32.403611,0.9181388617
-1.2328819,51.7248487,http://pbs.twimg.com/media/D6w7UVXXoAE2KQv.jpg,2019-05-17 13:08:12.506767,0.9180415273
24.66036111,60.22418771,http://pbs.twimg.com/media/D7y_djaXYAI9cS6.jpg,2019-05-30 09:01:18.128221,0.9180323482
117.3651532,2.837512,http://pbs.twimg.com/media/D8WLgJsU0AATZUg.jpg,2019-06-06 05:00:38.235738,0.9179600477
137.16039233,34.9758006,http://pbs.twimg.com/media/D7BMfBxW0AAJVtc.jpg,2019-05-20 16:57:08.414122,0.9179478288
139.65541488,35.28419467,http://pbs.twimg.com/media/D67UgCHW4AAjST1.jpg,2019-05-19 13:34:26.661842,0.9177792072
25.74595302,62.23930118,http://pbs.twimg.com/media/D6nZyrRXkAAb4Gn.jpg,2019-05-15 16:45:09.896559,0.9177700877
138.92870215,35.3715741,http://pbs.twimg.com/media/D78v-F9WsAM99pU.jpg,2019-06-01 06:29:46.541301,0.9177500606
46.60426906,24.76126565,http://pbs.twimg.com/media/D6Y_0XLW4AAqomb.jpg,2019-05-12 21:36:59.277005,0.9177308679
0.445836,52.756517,http://pbs.twimg.com/media/D6c8ygkXsAEXEj-.jpg,2019-05-13 16:02:14.069441,0.9177119136
-87.68675681,41.93814561,http://pbs.twimg.com/media/D6nQavbWkAAboCf.jpg,2019-05-15 16:04:12.058693,0.9176017046
139.75469693,35.70555469,http://pbs.twimg.com/media/D81TTOxXoAEeQDU.jpg,2019-06-12 06:02:52.277718,0.917557478
139.02959203,36.31135974,http://pbs.twimg.com/media/D8ghZ0VXsAAWHAc.jpg,2019-06-08 05:12:27.841099,0.917457521
30.35480199,59.91912223,http://pbs.twimg.com/media/D6hZrgKWAAAtJtB.jpg,2019-05-14 12:46:56.637840,0.917349875
-1.2328819,51.7248487,http://pbs.twimg.com/media/D6x5HiHW0AEop89.jpg,2019-05-17 17:38:13.034168,0.9173004031
115.1887908,-8.6860647,http://pbs.twimg.com/media/D8iy6vbV4AA5cXz.jpg,2019-06-08 15:48:18.261307,0.9172872305
142.63758313,43.43047567,http://pbs.twimg.com/media/D8BmsSgW4AAZk0g.jpg,2019-06-02 05:07:21.083482,0.9172605872
138.38903575,34.97190563,http://pbs.twimg.com/media/D7X42wdX4AEaHD4.jpg,2019-05-25 02:42:38.844935,0.9172595143
-9.09904258,38.74751841,http://pbs.twimg.com/media/D6cxj3YV4AEXHqI.jpg,2019-05-13 15:13:10.346229,0.9172301292
55.27737737,25.19797472,http://pbs.twimg.com/media/D6bzpVVUYAAeS3D.jpg,2019-05-13 10:42:39.949511,0.917198658
-99.178895,19.391034,http://pbs.twimg.com/media/D6up3TxW4AAurTb.jpg,2019-05-17 02:32:43.330562,0.9171627164
-59.1506439,-37.2951657,http://pbs.twimg.com/media/D76ffzjX4AEfUEW.jpg,2019-05-31 19:58:47.573239,0.9171616435
139.56413206,35.50698043,http://pbs.twimg.com/media/D7Efvn7W0AAXuEE.jpg,2019-05-21 08:20:08.940841,0.917042315
0.38180977,51.79198836,http://pbs.twimg.com/media/D8g5XnYUwAA8lCX.jpg,2019-06-08 06:57:10.133627,0.9169520736
0.46173641,51.72529343,http://pbs.twimg.com/media/D8hj8QNVUAA1Zu2.jpg,2019-06-08 10:03:10.163699,0.9169481397
139.67031758,35.27955222,http://pbs.twimg.com/media/D66BXp2XkAUit1i.jpg,2019-05-19 07:31:14.346890,0.9169301391
99.488459,18.235199,http://pbs.twimg.com/media/D8lvER_XYAASPjw.jpg,2019-06-09 05:30:16.508743,0.9167253375
6.7796868,51.4676956,http://pbs.twimg.com/ext_tw_video_thumb/1131625783871627264/pu/img/ivdvVrJervkGx6kx.jpg,2019-05-23 20:21:59.258764,0.9167172909
138.65975638,35.70324765,http://pbs.twimg.com/media/D7ZdFVpXYAAoham.jpg,2019-05-25 10:00:32.894870,0.916709125
139.77109639,35.7080471,http://pbs.twimg.com/media/D7-LW91WkAA_Tt2.jpg,2019-06-01 13:09:03.709006,0.9167074561
-77.6721549,39.9371595,http://pbs.twimg.com/media/D75x7xJXoAEqPSh.jpg,2019-05-31 16:39:35.386282,0.9167001843
-122.47477,37.74988,http://pbs.twimg.com/media/D7Tf6fKW0AA7WRd.jpg,2019-05-24 06:15:11.934450,0.9166810513
135.7549933,34.9843459,http://pbs.twimg.com/media/D78Oa1NU8AAGLGG.jpg,2019-06-01 04:03:17.540325,0.9166543484
-84.69595045,34.04494112,http://pbs.twimg.com/media/D7_nTZWXsAIDoQw.jpg,2019-06-01 19:50:46.027027,0.9166414738
139.721228,35.662163,http://pbs.twimg.com/media/D6wEaLbXkAA8o5e.jpg,2019-05-17 09:08:18.656544,0.9164939523
140.8665166,38.27304173,http://pbs.twimg.com/media/D78fu4sW4AA8Y3v.jpg,2019-06-01 05:18:50.045593,0.9164655805
140.112692,39.723263,http://pbs.twimg.com/media/D8b3Cb4XsAAHHTK.jpg,2019-06-07 07:28:53.447245,0.9164580703
-1.2328819,51.7248487,http://pbs.twimg.com/media/D63dtzbXYAAMnhK.jpg,2019-05-18 19:36:13.084788,0.9164534807
-87.78269,41.95477,http://pbs.twimg.com/media/D6ccRhLW4AEuiBM.jpg,2019-05-13 13:40:10.872085,0.9164199233
140.31787727,35.79552271,http://pbs.twimg.com/media/D8xZDCHXUAAAfIC.jpg,2019-06-11 11:49:30.050825,0.9163461924
101.81123962,2.92179575,http://pbs.twimg.com/media/D7_vVw2UEAAi-e7.jpg,2019-06-01 20:25:58.054098,0.9163207412
135.9632349,34.61039825,http://pbs.twimg.com/media/D661fxzWwAAFaNt.jpg,2019-05-19 11:18:59.067390,0.916318059
20.46110683,44.81307509,http://pbs.twimg.com/media/D63SNwUWsAAgtmR.jpg,2019-05-18 18:46:01.539587,0.9163104296
27.687119,53.947521,http://pbs.twimg.com/media/D7mFzQAW0AAGvX4.jpg,2019-05-27 20:53:55.052733,0.9162678719
-43.1833672,-22.9042345,http://pbs.twimg.com/media/D7FcJaYXYAAqTkm.jpg,2019-05-21 12:44:06.304577,0.9161347151
139.826258,35.699006,http://pbs.twimg.com/media/D8hlP8kW4AAh5tI.jpg,2019-06-08 10:08:53.122613,0.91610533
139.699448,35.693122,http://pbs.twimg.com/media/D7-7kP0XUAIgfrq.jpg,2019-06-01 16:39:41.120527,0.9160084724
136.87885534,35.17395067,http://pbs.twimg.com/media/D8iknYZWsAAHAcL.jpg,2019-06-08 14:45:44.106137,0.9159168601
135.440813,34.7907923,http://pbs.twimg.com/media/D8g034NXkAAqrIw.jpg,2019-06-08 06:37:31.599456,0.915668726
55.13618333,25.07983333,http://pbs.twimg.com/media/D8DFgKLWkAEella.jpg,2019-06-02 12:01:37.520671,0.9155501723
44.41529632,33.36047363,http://pbs.twimg.com/media/D7o6-oGWkAA-032.jpg,2019-05-28 10:05:31.246542,0.9155033231
11.08232975,49.44534705,http://pbs.twimg.com/media/D8tPsKVXoAEpsG3.jpg,2019-06-10 16:30:08.242066,0.9153674841
139.699147,35.689739,http://pbs.twimg.com/media/D66-hevWkAADJN2.jpg,2019-05-19 11:58:27.324805,0.9153250456
139.72558458,35.63834364,http://pbs.twimg.com/media/D7Pf4wgWsAE5Tij.jpg,2019-05-23 11:36:35.894811,0.9151887298
-180,85.05112878,http://pbs.twimg.com/media/D83PqTfUIAEL77l.jpg,2019-06-12 15:06:12.387700,0.9150646925
133.17296536,34.35555626,http://pbs.twimg.com/media/D79AMu3X4AAAcEc.jpg,2019-06-01 07:40:40.861053,0.9150536656
-63.6549664,44.6632905,http://pbs.twimg.com/media/D7RzOAFWkAAfku3.jpg,2019-05-23 22:20:19.799871,0.9150310755
140.72269172,41.77277036,http://pbs.twimg.com/media/D6gJVY7W0AA42kr.jpg,2019-05-14 06:55:54.603005,0.9147210717
-1.1769225,53.1530348,http://pbs.twimg.com/media/D7WPSBgW0AUPTXY.jpg,2019-05-24 19:01:23.996092,0.9146904349
-99.14738719,19.4250471,http://pbs.twimg.com/media/D63ngnWX4AE-PCN.jpg,2019-05-18 20:19:00.770750,0.9145278931
28.8757942,40.9799437,http://pbs.twimg.com/ext_tw_video_thumb/1130389734713384960/pu/img/beYqksUh0yKs07Z5.jpg,2019-05-20 10:28:31.284299,0.9145201445
139.75749781,35.6439923,http://pbs.twimg.com/media/D7blhuTXYAE2VeJ.jpg,2019-05-25 19:56:41.223867,0.9145105481
-80.1862,25.7913,http://pbs.twimg.com/media/D6jiiMiWAAUXaX6.jpg,2019-05-14 22:44:52.582560,0.9143275619
30.6374521,36.87520813,http://pbs.twimg.com/media/D7EU8-tW0AAOXFS.jpg,2019-05-21 07:32:59.750595,0.9142773151
-77.02813076,38.99634223,http://pbs.twimg.com/media/D7Cta09U0AAe-XU.jpg,2019-05-21 00:00:39.162945,0.9142317176
138.888356,35.017366,http://pbs.twimg.com/media/D7jablHXYAEkSqp.jpg,2019-05-27 08:25:10.152784,0.9141795635
107.62942697,-6.91414642,http://pbs.twimg.com/media/D8mRkpBUEAAs0F0.jpg,2019-06-09 08:01:03.488638,0.9141626358
107.9030041,-7.4456676,http://pbs.twimg.com/media/D8Scx7-U8AAeIuy.jpg,2019-06-05 11:37:40.203528,0.9141200185
-79.263731,43.1361036,http://pbs.twimg.com/media/D7qb53LX4AEmvBj.jpg,2019-05-28 17:08:56.499108,0.9140976667
141.44826426,42.94694212,http://pbs.twimg.com/media/D8gvLL2W4AEw1EC.jpg,2019-06-08 06:12:37.794297,0.9140791297
-67.6057782,10.2608127,http://pbs.twimg.com/ext_tw_video_thumb/1132698314774855681/pu/img/a9qLXAVbVVyUi5lq.jpg,2019-05-26 19:24:10.893523,0.914028585
135.75829536,34.98535254,http://pbs.twimg.com/media/D8BmcLeXoAAfBkN.jpg,2019-06-02 05:06:14.793088,0.9139879346
0.05758166,51.63648651,http://pbs.twimg.com/media/D6tGaJfU8AAA49A.jpg,2019-05-16 19:17:57.209020,0.9139477611
29.13234309,36.62688389,http://pbs.twimg.com/media/D8yLDBvWwAAWxA2.jpg,2019-06-11 15:27:57.181329,0.9139130116
24.44066674,60.12278619,http://pbs.twimg.com/media/D73cKu9UYAcR10c.jpg,2019-05-31 05:45:10.424404,0.9138081074
139.75221849,35.98008535,http://pbs.twimg.com/media/D8lYXw1W4AU9nVy.jpg,2019-06-09 03:51:06.000387,0.9137657881
139.75217,35.97963,http://pbs.twimg.com/media/D8lYfhwWkAAlhR5.jpg,2019-06-09 03:51:39.485681,0.9137657881
135.4955324,34.6920357,http://pbs.twimg.com/media/D64f0TKU8AAldTP.jpg,2019-05-19 00:25:08.656834,0.913759768
130.397074,33.593795,http://pbs.twimg.com/media/D7YHOQ3WkAAAIPJ.jpg,2019-05-25 03:45:25.056405,0.9136804342
-1.2328819,51.7248487,http://pbs.twimg.com/media/D6w_NanWwAAxZwR.jpg,2019-05-17 13:25:12.824445,0.9136674404
-58.6592914,-34.490333,http://pbs.twimg.com/media/D642hoMXoAEquVr.jpg,2019-05-19 02:04:16.732729,0.9136592746
144.96401314,-37.8098871,http://pbs.twimg.com/media/D74QSaoXYAErgJI.jpg,2019-05-31 09:32:52.439109,0.9136206508
-1.2328819,51.7248487,http://pbs.twimg.com/media/D6xidS-XoAAULBT.jpg,2019-05-17 15:59:13.044943,0.9133514166
134.8374635,34.76576428,http://pbs.twimg.com/media/D780-yqWkAAQ2iD.jpg,2019-06-01 06:51:39.964157,0.9132665396
-1.2328819,51.7248487,http://pbs.twimg.com/media/D633WMPWkAA4iBi.jpg,2019-05-18 21:28:12.179293,0.9131730795
139.94217,35.69528,http://pbs.twimg.com/media/D7PVBQTXoAAmLQT.jpg,2019-05-23 10:49:06.894825,0.9131664634
11.58008077,48.13747954,http://pbs.twimg.com/media/D8UuMynXkAMGCQg.jpg,2019-06-05 22:12:55.898470,0.9131438136
-1.2328819,51.7248487,http://pbs.twimg.com/media/D66Kv5nXkAoMQ_l.jpg,2019-05-19 08:12:12.600206,0.913087666
-88.31700288,18.51792366,http://pbs.twimg.com/media/D71wP_CXkAA-vCO.jpg,2019-05-30 21:53:39.534197,0.9130343199
139.7186,35.800915,http://pbs.twimg.com/media/D7y7DMYW4AEgIXI.jpg,2019-05-30 08:41:58.730299,0.9130337238
-1.2328819,51.7248487,http://pbs.twimg.com/media/D6wZ5g-WwAMZAWd.jpg,2019-05-17 10:42:11.925469,0.9130026102
140.38556466,35.76415409,http://pbs.twimg.com/media/D8gx0VZXkAUydOZ.jpg,2019-06-08 06:24:10.736773,0.912977159
-1.2328819,51.7248487,http://pbs.twimg.com/media/D7J8WLsX4AAAJ31.jpg,2019-05-22 09:43:12.630824,0.9128630161
18.44053614,-33.92160769,http://pbs.twimg.com/media/D74JbAvX4AApLtw.jpg,2019-05-31 09:02:53.016558,0.9128016233
-1.2328819,51.7248487,http://pbs.twimg.com/media/D63fUUiWkAE_FU7.jpg,2019-05-18 19:43:13.141628,0.9128002524
139.644657,35.78197,http://pbs.twimg.com/media/D6_WT6EWwAYh2h6.jpg,2019-05-20 08:20:50.261470,0.9127761126
-1.2328819,51.7248487,http://pbs.twimg.com/media/D63zsBeW0AA4zfW.jpg,2019-05-18 21:12:13.022990,0.9126397371
39.15562469,21.63234038,http://pbs.twimg.com/media/D8GFvkpXUAY989F.jpg,2019-06-03 02:01:29.151034,0.9126396179
141.0543,39.771385,http://pbs.twimg.com/media/D7mSb_HW4AAqoUY.jpg,2019-05-27 21:49:05.961900,0.9125907421
55.2777046,25.19725451,http://pbs.twimg.com/media/D71cHftU0AACzh4.jpg,2019-05-30 20:25:42.414478,0.9125519991
139.76771442,35.70173283,http://pbs.twimg.com/media/D66Vg67WkAIeCMy.jpg,2019-05-19 08:59:15.105366,0.9125447869
27.17701077,38.45370634,http://pbs.twimg.com/media/D7QUOX4XsAEgpXs.jpg,2019-05-23 15:25:15.805797,0.9125196338
27.17941287,38.45446669,http://pbs.twimg.com/media/D7UDQcaWwAAqdVn.jpg,2019-05-24 08:49:36.602468,0.9125196338
-35.70213098,-9.66148689,http://pbs.twimg.com/media/D8ihwohXsAAwtyb.jpg,2019-06-08 14:33:20.215039,0.9124181271
139.74003346,35.66753668,http://pbs.twimg.com/media/D6mq413WsAABl9I.jpg,2019-05-15 13:20:13.976826,0.9123479724
135.22278,34.654244,http://pbs.twimg.com/media/D6vSmmTXkAIzPzl.jpg,2019-05-17 05:30:42.604289,0.9123031497
137.72821929,34.72894285,http://pbs.twimg.com/media/D7vUZfgX4AAMs_m.jpg,2019-05-29 15:54:15.113459,0.912298739
-82.2192759,27.0870961,http://pbs.twimg.com/media/D7RnaeYX4AAlYRB.jpg,2019-05-23 21:28:43.006717,0.9122828245
-82.2192759,27.0870961,http://pbs.twimg.com/media/D72JEDzW4AYQesg.jpg,2019-05-30 23:42:04.114229,0.9122828245
26.56713053,41.67790589,http://pbs.twimg.com/media/D8jY8sDWsAEGnVa.jpg,2019-06-08 18:34:22.987714,0.9122169018
36.2774374,41.3228403,http://pbs.twimg.com/media/D7P45mmXYAAXMdD.jpg,2019-05-23 13:26:04.054739,0.9121895432
-73.99745822,40.7308158,http://pbs.twimg.com/media/D7l5R1vX4AM-4Ve.jpg,2019-05-27 19:59:11.352209,0.9121049643
-122.46692,37.75174,http://pbs.twimg.com/media/D6hLiyvXkAAvvuj.jpg,2019-05-14 11:45:11.048921,0.9119566083
-180,85.05112878,http://pbs.twimg.com/media/D8OtKnwUYAY4r0I.jpg,2019-06-04 18:10:40.989183,0.9119536281
-118.47251567,34.19776783,http://pbs.twimg.com/media/D8cDdfnXYAEJ7S6.jpg,2019-06-07 08:23:10.370893,0.9119426608
139.56490821,35.68029447,http://pbs.twimg.com/media/D8iKjQwWkAAf9b9.jpg,2019-06-08 12:51:51.548345,0.9118750095
139.61534,35.911148,http://pbs.twimg.com/media/D65ntFsXsAAMcdI.jpg,2019-05-19 05:39:06.281260,0.9118722081
139.2229602,35.53893456,http://pbs.twimg.com/media/D640bcnW0AYzTrd.jpg,2019-05-19 01:55:05.138100,0.9118483067
-1.2328819,51.7248487,http://pbs.twimg.com/media/D632bysXkAA3eku.jpg,2019-05-18 21:24:13.044680,0.9117622375
101.62350993,3.11911502,http://pbs.twimg.com/media/D7-n-ysX4AAo29G.jpg,2019-06-01 15:14:06.892798,0.9117375612
127.75510437,26.31618977,http://pbs.twimg.com/media/D8wizZiXsAA3awp.jpg,2019-06-11 07:52:30.209164,0.9115876555
127.1279903,37.500988,http://pbs.twimg.com/media/D74cHdHUYAA2m2u.jpg,2019-05-31 10:24:34.737757,0.9115121365
30.35428047,59.92100063,http://pbs.twimg.com/media/D6dTNJzXkAUszj2.jpg,2019-05-13 17:40:10.418857,0.9115103483
135.51128735,34.6468464,http://pbs.twimg.com/media/D8l8GZ0XoAEbPSq.jpg,2019-06-09 06:27:12.467861,0.911458075
-1.2328819,51.7248487,http://pbs.twimg.com/media/D6wLBcVWkAE1RL-.jpg,2019-05-17 09:37:12.153529,0.9112511277
135.48518657,34.68311101,http://pbs.twimg.com/media/D7EF1lxWsAA7jT7.jpg,2019-05-21 06:26:57.784858,0.9111850858
136.899096,35.185555,http://pbs.twimg.com/media/D6a5aKFWsAErsEV.jpg,2019-05-13 06:28:13.766123,0.9111531377
139.76927493,35.68377936,http://pbs.twimg.com/media/D78VffCXUAAi-Ie.jpg,2019-06-01 04:34:05.655199,0.9111011624
55.27766705,25.19812155,http://pbs.twimg.com/media/D7HZBqUVsAARhJc.jpg,2019-05-21 21:49:39.128186,0.9110761285
34.00241067,34.98165176,http://pbs.twimg.com/media/D7t5VJGWsAADvnk.jpg,2019-05-29 09:16:22.087088,0.9110500813
138.56898243,35.66716102,http://pbs.twimg.com/media/D8gggJxWwAIqN5Q.jpg,2019-06-08 05:08:31.801584,0.9110329747
-81.2703,28.8,http://pbs.twimg.com/media/D7G6znsW4AARfCH.jpg,2019-05-21 19:37:38.063015,0.910980463
-81.2703,28.8,http://pbs.twimg.com/media/D7qLK_iWsAA5gv5.jpg,2019-05-28 15:55:50.900522,0.910980463
-81.2703,28.8,http://pbs.twimg.com/media/D8zmwkmXoAYIG2q.jpg,2019-06-11 22:08:39.531528,0.910980463
-110.97463,32.222216,http://pbs.twimg.com/media/D6g9zbWXkAEt-Ca.jpg,2019-05-14 10:45:08.928916,0.9109484553
4.64317021,52.38590066,http://pbs.twimg.com/media/D82KI3QW4AcanLg.jpg,2019-06-12 10:02:27.674166,0.9109228849
14.753715,50.269804,http://pbs.twimg.com/media/D7frpSsXsAE-jBV.jpg,2019-05-26 15:01:54.131677,0.9109017253
45.9775556,28.3986157,http://pbs.twimg.com/media/D8RiuaGXUAAklyQ.jpg,2019-06-05 07:23:59.811924,0.9108833075
144.38038201,42.98690829,http://pbs.twimg.com/media/D7JbpdHWwAAb6pa.jpg,2019-05-22 07:20:21.432654,0.9108623266
-1.2328819,51.7248487,http://pbs.twimg.com/media/D66ovD0XYAE15zu.jpg,2019-05-19 10:23:13.513396,0.9108062387
-1.2328819,51.7248487,http://pbs.twimg.com/media/D66Lb-cW4AADdho.jpg,2019-05-19 08:15:13.248779,0.9107123613
-95.32638667,38.958645,http://pbs.twimg.com/media/D7xlwtAXsAAmC-t.jpg,2019-05-30 02:29:22.628700,0.9106297493
55.27766705,25.19812155,http://pbs.twimg.com/media/D7ufDN4UcAAqxMc.jpg,2019-05-29 12:01:09.962374,0.9104221463
139.22378152,35.52433888,http://pbs.twimg.com/media/D8G3Q-CXsAIzit1.jpg,2019-06-03 05:37:51.045096,0.9103190303
140.56750157,36.31070572,http://pbs.twimg.com/media/D65EGsCXoAEdWUO.jpg,2019-05-19 03:03:34.156478,0.9102867842
25.4324913,36.41769095,http://pbs.twimg.com/media/D79vEXfXYAA4jYm.jpg,2019-06-01 11:05:27.159933,0.9102304578
135.504756,34.685909,http://pbs.twimg.com/media/D7ybWveXkAA5lDL.jpg,2019-05-30 06:23:30.469486,0.9101526737
27.601763,53.914166,http://pbs.twimg.com/media/D6cYfHHWwAAR0e-.jpg,2019-05-13 13:23:37.791595,0.910149157
139.51665,35.5258964,http://pbs.twimg.com/media/D6mrXqfUIAEYBN4.jpg,2019-05-15 13:22:22.718680,0.9100647569
24.94350582,60.16662927,http://pbs.twimg.com/media/D7A2hGNXkAAFVug.jpg,2019-05-20 15:21:11.190279,0.9100267291
-90.482138,14.64796305,http://pbs.twimg.com/media/D64F3E7WsAMi8nf.jpg,2019-05-18 22:31:37.192822,0.9099697471
-73.8589,40.85491,http://pbs.twimg.com/media/D8wniBXWkAArSL8.jpg,2019-06-11 08:13:09.923410,0.9098507762
138.897407,35.022029,http://pbs.twimg.com/media/D64Uh_LXYAAE25L.jpg,2019-05-18 23:35:42.991807,0.9098440409
-118.47705208,34.03631592,http://pbs.twimg.com/tweet_video_thumb/D8A2qDYUwAAOROb.jpg,2019-06-02 01:37:35.512302,0.9098281264
-105.28154667,39.903855,http://pbs.twimg.com/media/D7HETd2WsAAA7qR.jpg,2019-05-21 20:19:19.027326,0.909825623
-118.24262124,34.03776021,http://pbs.twimg.com/media/D6fjxm1V4AEPtFp.jpg,2019-05-14 04:11:49.591819,0.9098088145
130.96156,33.945087,http://pbs.twimg.com/media/D7S5jjyXoAEqkdJ.jpg,2019-05-24 03:27:36.308639,0.9097627997
139.71504211,35.64421746,http://pbs.twimg.com/media/D8W7vSEUcAEgYAe.jpg,2019-06-06 08:31:20.654165,0.9097123146
134.5158269,34.822811,http://pbs.twimg.com/media/D8BqGmPUwAEZW_I.jpg,2019-06-02 05:22:20.359062,0.9095967412
-80.967435,35.100355,http://pbs.twimg.com/media/D8RPOKJXkAE_Sa4.jpg,2019-06-05 05:58:42.812423,0.9095699787
29.3084137,40.489657,http://pbs.twimg.com/media/D6hB0lxXsAAW_Xa.jpg,2019-05-14 11:02:44.791561,0.9094908834
-78.31228,35.509564,http://pbs.twimg.com/media/D6e-TGNX4AAYgR3.jpg,2019-05-14 01:28:04.356388,0.9094293118
138.89832436,35.02294288,http://pbs.twimg.com/media/D7ZRKfiW4AA7Aac.jpg,2019-05-25 09:08:28.372420,0.909340024
135.715821,34.8401,http://pbs.twimg.com/media/D6mMLx0X4AEw7-l.jpg,2019-05-15 11:06:04.794724,0.9093250632
54.379378,24.4622447,http://pbs.twimg.com/media/D6tJY9VXsAInEWW.jpg,2019-05-16 19:31:15.527785,0.9091790318
55.2777046,25.19725451,http://pbs.twimg.com/media/D7_uJmhUcAAfa_4.jpg,2019-06-01 20:20:41.523969,0.9091449976
-75.3837743,9.2934091,http://pbs.twimg.com/media/D6xvw1oWwAIuFoD.jpg,2019-05-17 16:57:26.681267,0.9091234207
55.2777046,25.19725451,http://pbs.twimg.com/media/D7j201kU0AAQ0hU.jpg,2019-05-27 10:29:12.895871,0.9090549946
-44.23312852,-2.50001415,http://pbs.twimg.com/media/D6fzA7eXsAAUSRK.jpg,2019-05-14 05:18:23.503792,0.9089097977
139.7189149,35.72905799,http://pbs.twimg.com/media/D8sQOlNW4AAfTfP.jpg,2019-06-10 11:52:51.878154,0.9088209867
139.64694439,35.65390807,http://pbs.twimg.com/media/D70VVlxUcAI1n5u.jpg,2019-05-30 15:16:29.535597,0.9087172747
-0.0433466,51.4890245,http://pbs.twimg.com/media/D7zqsTXW4AAnNWK.jpg,2019-05-30 12:10:07.624184,0.9086072445
135.29017449,34.40373953,http://pbs.twimg.com/media/D79WhEEXsAALMDE.jpg,2019-06-01 09:18:11.620514,0.9085923433
141.0251027,38.31851895,http://pbs.twimg.com/media/D6_J2JtVUAAv9ev.jpg,2019-05-20 07:26:23.749390,0.9085249305
139.44500506,35.70290124,http://pbs.twimg.com/media/D7yIlAzWwAU0_Z1.jpg,2019-05-30 05:01:28.351610,0.9085139036
-40.3290462,-20.3408308,http://pbs.twimg.com/media/D63G-HEXkAAY1oZ.jpg,2019-05-18 17:56:53.690869,0.9084114432
-84.38443051,33.77775217,http://pbs.twimg.com/media/D7nEQZzXsAQmn1Z.jpg,2019-05-28 01:26:45.689451,0.9084103703
135.53021881,34.66529504,http://pbs.twimg.com/media/D67VGb1WkAEidlw.jpg,2019-05-19 13:37:03.716415,0.9084046483
16.34816333,48.21607,http://pbs.twimg.com/media/D71LpGoW4AAkaDn.jpg,2019-05-30 19:13:45.881110,0.9083313346
4.9819,45.7656,http://pbs.twimg.com/media/D7MIHPJXYAEk5l5.jpg,2019-05-22 19:53:52.036865,0.9082878828
136.966505,35.186318,http://pbs.twimg.com/media/D7PVGjoW4AATyi2.jpg,2019-05-23 10:49:28.800107,0.9081329703
36.78615998,-2.54849553,http://pbs.twimg.com/media/D7-UhVeW4AArVcY.jpg,2019-06-01 13:49:05.584055,0.9081308246
-76.98879719,-12.10040298,http://pbs.twimg.com/media/D8obs4pXkAESAZF.jpg,2019-06-09 18:04:30.709778,0.9080092311
140.13738289,37.92227168,http://pbs.twimg.com/media/D8fkumlWsAA2zWP.jpg,2019-06-08 00:47:22.082934,0.9079021811
27.687119,53.947521,http://pbs.twimg.com/media/D81vp6vX4AANCMI.jpg,2019-06-12 08:06:45.554095,0.9079015255
-118.4820286,34.19904576,http://pbs.twimg.com/media/D8tpj1kXUAAzY5U.jpg,2019-06-10 18:23:09.959681,0.9078828096
-92.6726798,43.0722814,http://pbs.twimg.com/media/D62smyhWkAA8vN0.jpg,2019-05-18 16:01:39.445217,0.9078809619
139.847235,35.743469,http://pbs.twimg.com/media/D6cnF-CWsAEXPju.jpg,2019-05-13 14:27:26.368155,0.9078555107
141.25608833,43.12729167,http://pbs.twimg.com/media/D6nMiwQVUAAcfL7.jpg,2019-05-15 15:47:22.737659,0.9078419209
-87.77473,41.95447,http://pbs.twimg.com/media/D7wF1JDWsAIbCh5.jpg,2019-05-29 19:30:13.726983,0.9078046679
-9.09904258,38.74751841,http://pbs.twimg.com/media/D7pLgTcVUAERt4H.jpg,2019-05-28 11:17:40.256833,0.9077227712
136.90504,35.165283,http://pbs.twimg.com/media/D663E4SUYAAWClk.jpg,2019-05-19 11:25:54.194638,0.9077109098
1.29620869,52.62843255,http://pbs.twimg.com/media/D7mVMuyUcAA1wOr.jpg,2019-05-27 22:01:09.806781,0.9076757431
16.36807833,48.20258,http://pbs.twimg.com/media/D79qt3ZWwAAwecU.jpg,2019-06-01 10:46:30.913051,0.9076026678
141.68153822,42.7876456,http://pbs.twimg.com/media/D8lESvCVUAA2sme.jpg,2019-06-09 02:23:22.661664,0.9075747132
-1.2328819,51.7248487,http://pbs.twimg.com/media/D6yCC1zWkAEr6T0.jpg,2019-05-17 18:17:13.215991,0.9075435996
135.6,34.59666667,http://pbs.twimg.com/media/D6he_jjU0AEATin.png,2019-05-14 13:10:09.284168,0.9075233936
-73.82775,40.85371,http://pbs.twimg.com/media/D6dtEKfWAAAHIf6.jpg,2019-05-13 19:33:09.596393,0.9075027108
139.05236721,36.33860142,http://pbs.twimg.com/media/D7KZdLTWsAAtuII.jpg,2019-05-22 11:50:23.803664,0.9074946046
136.88728,35.173126,http://pbs.twimg.com/media/D6bPAXVXsAEkh26.jpg,2019-05-13 08:02:35.284955,0.9074525237
130.6272094,33.84656809,http://pbs.twimg.com/media/D66si96XkAATvWl.jpg,2019-05-19 10:39:52.796632,0.9072306156
138.01517604,34.77428968,http://pbs.twimg.com/media/D8Gc9hxU8AAg8N5.jpg,2019-06-03 03:42:58.432159,0.9071587324
140.75400705,41.79482046,http://pbs.twimg.com/media/D81a3EdWsAI7ld-.jpg,2019-06-12 06:35:54.441601,0.9070765972
-70.39803028,-23.64641119,http://pbs.twimg.com/media/D7lL9z_WkAAmM_G.jpg,2019-05-27 16:41:54.927358,0.9070335031
-3.6990194,40.4407601,http://pbs.twimg.com/media/D7fjknVXkAAacrp.jpg,2019-05-26 14:26:41.172505,0.9070181251
-122.38733002,37.73465621,http://pbs.twimg.com/media/D8yUTwEUIAAVyfw.jpg,2019-06-11 16:08:25.653431,0.9069351554
140.10515342,39.72119834,http://pbs.twimg.com/media/D8nN0MpWkAA8U71.jpg,2019-06-09 12:24:13.495039,0.9069172144
-1.2328819,51.7248487,http://pbs.twimg.com/media/D7PKDobWsAAMds5.jpg,2019-05-23 10:01:12.817474,0.9069051743
-73.86002,40.85596,http://pbs.twimg.com/media/D8w-atGXUAA_w1T.jpg,2019-06-11 09:53:09.666759,0.9068058133
-95.872957,29.751124,http://pbs.twimg.com/media/D695SrMXkAY0pd3.jpg,2019-05-20 01:34:25.522908,0.9067363739
139.636766,35.44405,http://pbs.twimg.com/media/D8qzyiKWsAAoAdb.jpg,2019-06-10 05:08:59.693406,0.9065776467
102.2414027,2.7119853,http://pbs.twimg.com/media/D73gYOUUIAEdB_u.jpg,2019-05-31 06:03:36.037252,0.9064522386
135.71885611,34.72583692,http://pbs.twimg.com/media/D8mhH4bX4AAcWpJ.jpg,2019-06-09 09:08:57.892552,0.9064255357
49.635146,25.420389,http://pbs.twimg.com/media/D69rZ8xXkAY_iGj.jpg,2019-05-20 00:33:45.189130,0.9064195752
-1.2328819,51.7248487,http://pbs.twimg.com/media/D639TBRWwAEvgx7.jpg,2019-05-18 21:54:11.873137,0.9063585997
139.77428,36.266975,http://pbs.twimg.com/media/D8bC9ylWwAAvfol.jpg,2019-06-07 03:41:22.465411,0.9063404202
-1.2328819,51.7248487,http://pbs.twimg.com/media/D7KK_s8XYAAX9tA.jpg,2019-05-22 10:47:13.136325,0.9063029885
18.53296,-33.8483,http://pbs.twimg.com/media/D8N1j8eW4AIU5Y-.jpg,2019-06-04 14:07:45.342951,0.9061638117
136.90722813,35.1634904,http://pbs.twimg.com/media/D79r7iLWkAA0MBF.jpg,2019-06-01 10:51:44.472929,0.9061555266
32.627022,36.8528,http://pbs.twimg.com/media/D8eH8dlWkAEZ7Pd.jpg,2019-06-07 18:02:00.314235,0.9060990214
32.627022,36.8528,http://pbs.twimg.com/media/D8eH8dlWkAEZ7Pd.jpg,2019-06-07 18:02:00.423074,0.9060990214
138.85961857,35.10232876,http://pbs.twimg.com/media/D65xoHCXoAAAFeW.jpg,2019-05-19 06:22:27.376672,0.9060422778
24.74537104,59.43721509,http://pbs.twimg.com/media/D8co_dZXsAApHiV.jpg,2019-06-07 11:07:08.077882,0.9060345292
141.41017,43.01567,http://pbs.twimg.com/media/D7YknQxW4AAFqn7.jpg,2019-05-25 05:53:49.509788,0.9060282707
-1.2328819,51.7248487,http://pbs.twimg.com/media/D63245lW4AERg2H.jpg,2019-05-18 21:26:12.191169,0.9059146643
-1.2328819,51.7248487,http://pbs.twimg.com/media/D6yKDn2WsAA3AUO.jpg,2019-05-17 18:52:13.510522,0.9058699608
46.67362909,24.69206344,http://pbs.twimg.com/media/D8Fg1l7XsAAGYNr.jpg,2019-06-02 23:20:14.495725,0.9058460593
-73.86262,40.85521,http://pbs.twimg.com/media/D8k9YKSWwAAu9Eh.jpg,2019-06-09 01:53:10.004770,0.9057518244
137.81446567,35.96602873,http://pbs.twimg.com/media/D7sP4OPXoAAB8-g.jpg,2019-05-29 01:35:39.007172,0.9057441354
139.44474091,35.54362095,http://pbs.twimg.com/media/D8u0C49WsAAf2nA.jpg,2019-06-10 23:48:35.644791,0.9057348371
86.9669451,23.6952222,http://pbs.twimg.com/media/D8OL5ZvU0AIGSjX.jpg,2019-06-04 15:45:49.898485,0.9056626558
100.39263356,5.38406041,http://pbs.twimg.com/media/D6wzecOWwAAaXAI.jpg,2019-05-17 12:33:57.302410,0.9055909514
-99.1702378,19.5288358,http://pbs.twimg.com/media/D7Ga84tVsAAwLsJ.jpg,2019-05-21 17:18:27.461301,0.9055691957
24.74537104,59.43721509,http://pbs.twimg.com/media/D7jcUPvXkAE5CoY.jpg,2019-05-27 08:33:25.200177,0.9055615664
27.467732,53.858263,http://pbs.twimg.com/media/D6lasHbW0AAvwHW.jpg,2019-05-15 07:29:50.793713,0.9055264592
-0.89951186,41.64877599,http://pbs.twimg.com/media/D7hmQHiX4AAd4_k.jpg,2019-05-26 23:57:36.047737,0.9055081606
132.84172,34.03443,http://pbs.twimg.com/media/D7fHcdZWsAEU7vb.jpg,2019-05-26 12:23:43.755328,0.9054261446
140.63003976,35.96838804,http://pbs.twimg.com/media/D6wNikMXkAACBab.jpg,2019-05-17 09:48:12.769188,0.9053763151
135.498156,34.687427,http://pbs.twimg.com/media/D6k9U7_XoAE32CB.jpg,2019-05-15 05:21:33.035057,0.9052781463
-75.46508789,10.4023906,http://pbs.twimg.com/media/D7u7FxvV4AAHehF.jpg,2019-05-29 14:03:41.685185,0.9051917791
-73.9983503,40.7158262,http://pbs.twimg.com/media/D7h0LDWX4AAhyTm.jpg,2019-05-27 00:58:42.933472,0.9051571488
39.8844708,57.6260744,http://pbs.twimg.com/media/D74yAx_WsAIag0f.jpg,2019-05-31 12:00:12.699166,0.9051337242
27.23344203,38.35109807,http://pbs.twimg.com/media/D7ECO9gXYAExXfU.jpg,2019-05-21 06:11:12.631197,0.9051280618
112.0621947,-8.1307649,http://pbs.twimg.com/media/D8QM5FuV4AAoR3N.jpg,2019-06-05 01:09:00.620109,0.9051043391
28.2703948,36.8545228,http://pbs.twimg.com/media/D8nYzGLX4AAqbjE.jpg,2019-06-09 13:12:15.395222,0.9049341083
134.57058177,35.55631034,http://pbs.twimg.com/media/D8AyMVmWwAEGSK6.jpg,2019-06-02 01:17:58.165083,0.9049015045
-1.2328819,51.7248487,http://pbs.twimg.com/media/D7UzdnhWkAA2xZF.jpg,2019-05-24 12:20:13.264435,0.9048856497
126.9869163,37.569067,http://pbs.twimg.com/media/D82KaR6UEAE76Ln.jpg,2019-06-12 10:04:02.391037,0.9048107862
139.716359,35.746557,http://pbs.twimg.com/media/D8h9iTLXsAEq5oI.jpg,2019-06-08 11:55:00.533376,0.9047679305
24.032063,49.841848,http://pbs.twimg.com/media/D7zofUVWkAA-ihj.jpg,2019-05-30 12:00:30.120048,0.9046861529
-80.8529012,35.1976247,http://pbs.twimg.com/media/D7NWLc_W4AAjNQj.jpg,2019-05-23 01:34:56.642915,0.9045385122
-0.30067,51.514,http://pbs.twimg.com/tweet_video_thumb/D7BSASXW0AAIIv_.jpg,2019-05-20 17:21:25.099621,0.9045116901
136.96989106,35.20115901,http://pbs.twimg.com/media/D8f63G1WkAAKzoE.jpg,2019-06-08 02:24:03.911113,0.9045037031
138.96365688,35.31447456,http://pbs.twimg.com/media/D633va5WsAAJPvw.jpg,2019-05-18 21:29:56.041045,0.9043229818
-116.3927647,33.7021577,http://pbs.twimg.com/ext_tw_video_thumb/1131410218846343168/pu/img/l5adGnZPSLZvqDaJ.jpg,2019-05-23 06:03:23.677194,0.9042844176
115.15757711,-8.68294351,http://pbs.twimg.com/media/D8DcLPJWkAAnRXJ.jpg,2019-06-02 13:40:37.937247,0.9042750597
139.82578071,35.76510155,http://pbs.twimg.com/media/D81AE9QX4AE0rcV.jpg,2019-06-12 04:38:53.244165,0.9042457342
-46.73520303,-23.63604642,http://pbs.twimg.com/media/D71hhRMW4AAPIb9.jpg,2019-05-30 20:49:18.301830,0.9041433334
1.22536826,43.43701172,http://pbs.twimg.com/media/D8chFN6WsAATXFq.jpg,2019-06-07 10:32:34.063807,0.9040728807
69.228874,41.25986,http://pbs.twimg.com/media/D7GIm8mWwAUkqo0.jpg,2019-05-21 15:58:18.846851,0.9039946198
139.62104083,35.33161681,http://pbs.twimg.com/media/D8gOmiGWkAAsBXC.jpg,2019-06-08 03:50:19.144087,0.9039908051
133.74034875,34.58041941,http://pbs.twimg.com/media/D7U2_E2XoAA7nHJ.jpg,2019-05-24 12:35:36.976165,0.903962791
133.740956,34.569408,http://pbs.twimg.com/media/D81QP42XsAAM05k.jpg,2019-06-12 05:49:32.156216,0.9039421678
-76.71497878,39.10404423,http://pbs.twimg.com/media/D75Y7wEW4AArWg-.jpg,2019-05-31 14:50:16.776808,0.9039024115
-1.2328819,51.7248487,http://pbs.twimg.com/media/D67jj9HWsAYMnbw.jpg,2019-05-19 14:40:14.521273,0.9038143754
-0.2791488,51.5561392,http://pbs.twimg.com/media/D7_uxEwXUAAjb74.jpg,2019-06-01 20:23:25.724737,0.9035998583
102.28224056,2.27296406,http://pbs.twimg.com/media/D6cWy_GW4AAQmW1.jpg,2019-05-13 13:16:14.955834,0.9035943151
-117.15758185,32.70743165,http://pbs.twimg.com/media/D8RFJpfUYAAYX4o.jpg,2019-06-05 05:14:45.151199,0.9035688043
130.52165,33.496568,http://pbs.twimg.com/media/D8h2sLeX4AEtlIQ.jpg,2019-06-08 11:25:04.947405,0.9035393596
138.912194,36.407625,http://pbs.twimg.com/media/D65eI5eXsAEMR5k.jpg,2019-05-19 04:57:18.928819,0.9035079479
138.85976932,35.10300386,http://pbs.twimg.com/media/D8gJN5FX4AIGewi.jpg,2019-06-08 03:26:47.254367,0.9033635855
150.813788,59.565845,http://pbs.twimg.com/media/D7TC57XWwAElrbD.jpg,2019-05-24 04:08:27.350058,0.9032487869
-77.09532951,38.98134368,http://pbs.twimg.com/media/D71GRPlXoAEOTyK.jpg,2019-05-30 18:50:15.660247,0.9031518102
-2.947576,43.2626194,http://pbs.twimg.com/media/D8hyXFQUcAASGTR.jpg,2019-06-08 11:06:10.231945,0.9030926824
139.78604946,35.88837481,http://pbs.twimg.com/media/D8FhT1YXoAArj7A.jpg,2019-06-02 23:22:18.554127,0.9030019641
-1.2328819,51.7248487,http://pbs.twimg.com/media/D6wnLQjW4AAfaOP.jpg,2019-05-17 11:40:13.422410,0.9029123783
135.22863455,34.6369252,http://pbs.twimg.com/media/D7XkKIeX4AEpdLF.jpg,2019-05-25 01:12:13.660191,0.9028932452
102.64627037,2.16632118,http://pbs.twimg.com/media/D8mMTuLUIAAsIUa.jpg,2019-06-09 07:38:03.287113,0.9028634429
121.0508889,14.3086642,http://pbs.twimg.com/media/D6cfdNJUcAAd0oY.jpg,2019-05-13 13:54:27.272721,0.9028209448
135.34921364,34.72575776,http://pbs.twimg.com/media/D7vJTvHWsAATa1N.jpg,2019-05-29 15:05:47.636280,0.9027510285
139.79825735,35.6711012,http://pbs.twimg.com/media/D8ilRAbWkAU3SvF.jpg,2019-06-08 14:48:34.675976,0.9025921822
12.75061718,47.26591984,http://pbs.twimg.com/ext_tw_video_thumb/1138801004626030594/pu/img/wIgSEHY9Xfe_3I7t.jpg,2019-06-12 15:34:13.275810,0.9025875926
47.96993275,29.36793257,http://pbs.twimg.com/media/D6t3bYQWwAATiT4.jpg,2019-05-16 22:52:21.423752,0.9025389552
141.82639305,42.71657361,http://pbs.twimg.com/media/D7TnHHyWsAUJpO5.jpg,2019-05-24 06:46:38.679210,0.9024876952
25.17408553,35.33697008,http://pbs.twimg.com/media/D8rZbbfWsAEw5NV.jpg,2019-06-10 07:53:26.451204,0.9024333358
-87.66940445,41.97710418,http://pbs.twimg.com/media/D8erdz0XYAANj04.jpg,2019-06-07 20:37:11.232506,0.9024179578
-1.48232709,53.38945474,http://pbs.twimg.com/media/D8tUBuzXkAA6IlY.jpg,2019-06-10 16:49:05.319157,0.9024071693
-1.48232709,53.38945474,http://pbs.twimg.com/media/D8ydpc5X4AM7ef0.jpg,2019-06-11 16:49:13.578141,0.9024071693
139.46413,35.43298,http://pbs.twimg.com/media/D6vxLNDXkAIk8Ag.jpg,2019-05-17 07:44:16.966193,0.9023710489
28.0153216,-26.1801198,http://pbs.twimg.com/media/D6dYNl-W0AELcUx.jpg,2019-05-13 18:02:03.236871,0.9023381472
-1.2328819,51.7248487,http://pbs.twimg.com/media/D6xqs4YXoAAbWYn.jpg,2019-05-17 16:35:13.921486,0.9023242593
-1.2328819,51.7248487,http://pbs.twimg.com/media/D6xI0VZXkAAh5sQ.jpg,2019-05-17 14:07:11.682940,0.902254045
27.20682938,38.44712287,http://pbs.twimg.com/media/D6vadfCWwAAVnIT.jpg,2019-05-17 06:05:02.342485,0.9021908641
5.02593444,52.57729181,http://pbs.twimg.com/media/D7fWJoRW4AAhOn2.jpg,2019-05-26 13:27:58.974492,0.9021632075
144.43951173,43.63736829,http://pbs.twimg.com/media/D8C8pizWwAArlrv.jpg,2019-06-02 11:22:53.622372,0.9021214843
-1.2328819,51.7248487,http://pbs.twimg.com/media/D66oCwjW0AEQsA9.jpg,2019-05-19 10:20:12.041133,0.9019699097
-1.2328819,51.7248487,http://pbs.twimg.com/media/D66Sh1jWsAAGnJX.jpg,2019-05-19 08:46:12.097881,0.9019563794
115.11614956,-8.62849872,http://pbs.twimg.com/media/D70BPcEU8AAAjCU.jpg,2019-05-30 13:48:41.532147,0.9019533992
139.71907,35.56195,http://pbs.twimg.com/media/D73i3Q3VsAAmNKB.jpg,2019-05-31 06:14:24.883114,0.9017193913
-83.4934438,44.2798131,http://pbs.twimg.com/media/D7Q1NQFW0AAxlrA.jpg,2019-05-23 17:49:24.063519,0.9016501307
-1.2328819,51.7248487,http://pbs.twimg.com/media/D6w86ukWwAAuHo5.jpg,2019-05-17 13:15:12.849658,0.9016489387
41.17950351,39.9614109,http://pbs.twimg.com/media/D7ECH_9X4AA-2xS.jpg,2019-05-21 06:10:44.437176,0.9016456008
139.0949825,35.2272477,http://pbs.twimg.com/media/D6bhzRpVUAAJX2c.jpg,2019-05-13 09:24:48.519087,0.9016304016
137.90282666,36.14860017,http://pbs.twimg.com/media/D65RKp0WsAEm3lO.jpg,2019-05-19 04:00:38.037298,0.9016210437
137.5536538,36.85597607,http://pbs.twimg.com/media/D8ckXZIWsAE59U8.jpg,2019-06-07 10:46:55.361587,0.9015257955
139.76875333,35.69947,http://pbs.twimg.com/media/D7fW8PRVsAATP6n.jpg,2019-05-26 13:31:28.139798,0.90148139
138.85364869,37.4471478,http://pbs.twimg.com/media/D7YFJ2vW0AEC3K3.jpg,2019-05-25 03:36:22.839247,0.9014662504
16.37093266,48.20886374,http://pbs.twimg.com/media/D7587hIXoAAPlk0.jpg,2019-05-31 17:27:32.224593,0.9013975263
46.7284584,24.8085512,http://pbs.twimg.com/media/D6jRhC1WsAERs-y.jpg,2019-05-14 21:30:31.119936,0.9013187289
139.73930341,35.62212604,http://pbs.twimg.com/media/D8B-bcLWkAAqZ09.jpg,2019-06-02 06:51:02.796361,0.901294589
36.97864957,39.73431328,http://pbs.twimg.com/media/D7AForyWwAEDxX-.jpg,2019-05-20 11:47:35.758780,0.9011902213
101.72254731,3.13415116,http://pbs.twimg.com/media/D7FhULdW4AErut2.jpg,2019-05-21 13:06:38.042232,0.9011621475
-43.0059758,-22.8245065,http://pbs.twimg.com/media/D7BkNJUXkAEExRa.jpg,2019-05-20 18:40:50.838044,0.9011612535
0.61373234,51.75012338,http://pbs.twimg.com/media/D6wj9RxV4AAq56P.jpg,2019-05-17 11:26:09.128130,0.9011151195
-1.2328819,51.7248487,http://pbs.twimg.com/media/D6381xMWsAAPfmC.jpg,2019-05-18 21:52:12.115617,0.9010253549
121.05700175,14.58302529,http://pbs.twimg.com/media/D8SXsJrWwAANkbx.jpg,2019-06-05 11:15:21.456437,0.9010175467
16.92171626,52.3994957,http://pbs.twimg.com/media/D8ydz45XkAYibjR.jpg,2019-06-11 16:50:05.878991,0.9010171294
-99.15439616,19.40288339,http://pbs.twimg.com/media/D7xZqWwX4AA-d0i.jpg,2019-05-30 01:36:29.145018,0.901003778
-87.77048,41.95926,http://pbs.twimg.com/media/D7HdunhXYAANYT6.jpg,2019-05-21 22:10:12.384492,0.9009369612
139.76104754,35.68995586,http://pbs.twimg.com/media/D8goEcAXUAAHP6w.jpg,2019-06-08 05:41:35.592379,0.9009128809
-1.2328819,51.7248487,http://pbs.twimg.com/media/D6xj1A3WsAId80h.jpg,2019-05-17 16:05:12.470435,0.9009097815
-1.2328819,51.7248487,http://pbs.twimg.com/media/D66Gn_sWwAAjBr7.jpg,2019-05-19 07:54:11.581235,0.9008488655
-115.09848953,36.074646,http://pbs.twimg.com/media/D77Tf-AUEAAJzAz.jpg,2019-05-31 23:45:47.310247,0.9007607102
106.3131823,-6.2265834,http://pbs.twimg.com/media/D8co6rnUwAAMa5A.jpg,2019-06-07 11:06:48.684101,0.9006487727
135.4898481,34.7045559,http://pbs.twimg.com/media/D8Aqah9UIAAceIm.jpg,2019-06-02 00:44:17.987335,0.9006204009
-1.2328819,51.7248487,http://pbs.twimg.com/media/D67vdvaXsAAUsF0.jpg,2019-05-19 15:32:14.841612,0.9005835056
-1.2328819,51.7248487,http://pbs.twimg.com/media/D66ix8TX4AE4fHP.jpg,2019-05-19 09:57:13.044430,0.9005606174
-87.1461278,14.1005783,http://pbs.twimg.com/ext_tw_video_thumb/1135382126055084032/pu/img/YVulWj6hNg8NBpII.jpg,2019-06-03 05:08:38.294036,0.9005434513
38.8287844,37.1683754,http://pbs.twimg.com/media/D7AQaKKUEAAIuBh.jpg,2019-05-20 12:34:39.580776,0.900503397
137.1895352,36.23664718,http://pbs.twimg.com/media/D65VtAVXYAEisaY.jpg,2019-05-19 04:20:27.574422,0.900498271
-1.2328819,51.7248487,http://pbs.twimg.com/media/D6vgrdNWkAE_JP0.jpg,2019-05-17 06:32:12.283940,0.9003837109
139.61809874,35.88160503,http://pbs.twimg.com/media/D6_5pATW0AIPkCG.jpg,2019-05-20 10:55:11.457485,0.9003822803
32.6017784,29.2876406,http://pbs.twimg.com/ext_tw_video_thumb/1138389201446195206/pu/img/UwRgot_YLYRZX6F_.jpg,2019-06-11 12:16:34.719294,0.9003476501
11.906283,4.450981,http://pbs.twimg.com/media/D8SE0pMXsAAHMD4.jpg,2019-06-05 09:52:54.356505,0.90031147
-105.25063103,20.67246289,http://pbs.twimg.com/media/D8twZrvW4AMqX_x.jpg,2019-06-10 18:53:05.584519,0.9002593756
